product_name,product_price
"Keropok ‚Äì Crispy Fish Crackers,MAGGI INSTANT NOODLES 500g  (WINTER CARNIVAL),Traditional Pineapple Tart,MILO Powder 1Kg  (WINTER CARNIVAL),Nestle‚Äôs Nestum All Family Cereal Original 500g  (WINTER CARNIVAL),Hokkien Mee Paste (200 Grams)  (WINTER CARNIVAL),Instant Rendang Sauce (200 Grams)   (WINTER CARNIVAL),Spicy Sauce (Sambal Penyet Nonye),Laziz Toum (Garlic Sauce),MasH Cookies ‚Äì Chocolate Chip Cookies,Dried Anchovies (Premium Grade A ‚Äì Peeled and Cleaned) 500g,Traditional Malaysian Pineapple Tarts,Dried Anchovy Sambal ‚Äì Spicy Chilli Jam,JM Satay Peanut Sauce,Pandan Leaf Extract Liquid Concentrate for Baking & Beverage, 60 Grams,Spicy and Crispy Anchovies with Tempe,Kunyit Hitam (Black Ginger) ‚Äì [Kaempferia parviflora],Salted Egg Paste,Fudloker Gourmet ‚ÄòHave Sambal‚Äô,‚ÄòBONDA‚Äô CHICKEN SERUNDING ASLI KAMPUNG LAUT By SERAYA GARAGE ENTERPRISE,Serunding ‚Äì Savoury Beef Floss,‚ÄòChilli‚Äôo‚Äô  SOS CILI AND SOS CILI BAWANG PUTIH (CHILLI AND CHILLI GARLIC SAUCE) By Ace Jaya Enterprise (Both Flavours),‚ÄòANGIO‚Äô ANGIO JUS (ANGIO JUICE),ROYAL FLOSS SERUNDING IKAN/ AYAM/ DAGING (FISH FLOSS / CHICKEN FLOSS / MEAT FLOSS) By Sambal Go Trading (Pack of 3),‚ÄòMELTS IN YOUR MOUTH‚Äô TRADITIONAL KUIH BANGKIT (BANGKIT BISCUITS) by Mariam HS Food,Healthy Instant Bird‚Äôs Nest Drink (Zara Agnes) by HCCF ENTERPRISE (Pack of 6 bottles),‚ÄòSAYHA KITCHEN‚Äô Spicy Sauce (Sambal) (250 Grams)  (WINTER CARNIVAL),Dried Fish Crackers (500 Grams)  (WINTER CARNIVAL),Beef Serunding Asli Kampung Laut (250 Grams)  (WINTER CARNIVAL),Rich Coconut Rice With Chicken In Red Curry (400 Grams)  (WINTER CARNIVAL),MinZa Aromatherapy and Botanical Shower Gel (Gel Mandian),Pineapple Tarts (400 Grams)  (WINTER CARNIVAL),Spicy Tapioca Chips (500 Grams)  (WINTER CARNIVAL),Crunchy And Spicy Fried Anchovies,Asam Laksa Paste,Salted Egg Paste (100 Grams)  (WINTER CARNIVAL)","0.00,0.00,0.00,0.00,15.00,4.00,3.00,8.00,6.00,5.50,4.00,6.00,3.90,8.00,7.00,7.00,7.00,9.00,10.80,8.00,4.00,3.95,2.95,6.00,29.00,4.00,4.00,5.00,5.00,1.40,20.00,12.00,4.00,50.00,5.00,6.00,5.00,6.00,5.00,5.00,7.50,6.00,4.20,5.00,3.08,3.80,3.30,4.00"
"Sizzling Yee Mee Paste (150 Grams)  (WINTER CARNIVAL),Spicy Sauce Dried Anchovies,ICHINTA SAMBAL PETAI/ SAMBAL HITAM PETAI/ ASAM PEDAS (TWISTED CLUSTER BEAN SAUCE/ TWISTED CLUSTER BEAN IN BLACK SAUCE/SPICY AND SOUR SAUCE) By Ichinta Dot Com (Pack of 3 Flavours) (UK STOCK)),‚ÄòFMAS‚Äô TELEKUNG LABUH RIZJLAH (PRAYER OUTFIT ‚Äì White set) By Fmas Enterprise,Dried Fish Crackers (Keropok) Terengganu,Cooking Paste by Mama Ain,Crispy Fried Shallots by Q Energy,Telon Oil,Herbal Bath Sachets ‚Äì 25g Malaysian Hereditary Recipe,Ginger Lotion (130ml),Lemongrass Oil,Malaysian Pickled Stinky Bean ( Petai Jeruk),PEPPERY GINGER AND ANCHOVY FLOSS,CHICKEN KUZI ‚Äì READY TO EAT ‚Äì TOKWAN KITCHEN,Syilis Extra Hot Chilli Paste ‚Äì 250G,Confinement Mini Kit,AHAD Malaysian Beef Rendang [Ready To Eat],SEROJA CHOCOLATE PEANUT BUTTER BISCUIT,Sarang Coffee Premium Gold (SKY FRUIT SEED EXTRACT),Mr Peyz (Salted Egg Peyek) by H2H Legacy,100% Pure Ceylon Cinnamon Sticks (40g),SHREE SPICES Pure Chili Flakes (30g) The Taste of Real Curry!,SHREE SPICES Pure Chili Powder (250g) The Taste of Real Curry!,SHREE SPICES Pure Turmeric Powder (250g) The Taste of Real Curry!,SHREE SPICES Garam Masala Powder (250g) The Taste of Real Curry!,SHREE SPICES Dhal Curry Powder ‚Äì Sambar Mix (250g) The Taste of Real Curry!,SHREE SPICES Kurma Curry Powder (250g) The Taste of Real Curry!,BAHULU CERMAI ‚Äì ¬†¬†Malaysian Madeleines,Pandan (Screwpine) Flavored Semperit Cookies,Malaysian Chocolate & Cream Semperit Cookie,Semperit Golden Biscoff,Semperit ‚Äì  Traditional Malaysian Cookie,Semperit Nutella Cookie,Thai Sauce,BLENNDED INGREDIENTS COOKING PASTE,HAIR COLOR WUDHU COMPLIANCE GUMASH ‚Äì Free Ammonia & Paraben","0.00,0.00,0.00,0.00,3.00,3.00,12.37,18.00,5.00,3.50,2.20,5.45,1.99,4.90,4.50,5.60,5.00,5.00,3.00,10.00,8.00,8.00,6.00,29.90,28.90,6.00,5.60,8.00,7.00,17.00,2.50,2.50,2.50,4.50,4.50,5.90,4.50,4.50,5.00,5.00,8.50,5.00,8.50,5.00,8.50,4.00,8.00,4.50,8.50,2.45,2.08,3.20,3.50,23.25,22.65"
"Self Heating Tomyam Steamboat,HiGOAT ORIGINAL GOAT MILK (500GM),Jajan Jungle [MIX COMBO] Naturally Sweet Ripe Banana & Lightly Salted Plantain Crisps 600g (50gx12 packs),HALAGEL Rock Salt (Combo 400g x 2 ~ 1 Pink Crystal & 1 Double Refined),MAKANVALLEY GIFT BOX SET,Sambal Bawang Putih,CHOCOKRUNCHY by MIA (small jar),Adabi Spices ‚Äì Kurma/Kerutuk/Rendang/Kari 250gm,Jajan Jungle Naturally Sweet Ripe Banana Crisps 600g (50gx12 packs),PAK MAN BEEF CURRY PASTE (ORIGINAL MELAKA)-200 grams,FISH CURRY PASTE (ORIGINAL MELAKA),MinZa Massage Oil ~ Mild Sensation,RENDANG PAK MAN PASTE (ORIGINAL MELAKA),ASAM PEDAS PAK MAN (SOUR AND SPICY) PASTE (ORIGINAL MELAKA),100% Pure Ceylon Cinnamon Powder in Glass Bottle (40g),Sambal B√≠lis Moringa (Crunchy Anchovy Sambal),Garlic Chili Sauce,Quality Dried Anchovies (250gram/pack),Mustika Ratu Medication Ointment Minyak Telon ‚Äì 60ML,100% Pure Tualang Wild Rainforest Honey,Zestea Black Tea with Ginger,Daily Pappadam/Appalam (100 gms),Body scrub (50 gm) & natural deodorant (60 gm),Shawl RTW Mardhiyah,MADU TUALANG ASLI üíØ,Fish Curry Powder 100 gm by Abby‚Äôs Healthy,Telekung Stalista (Prayer Gown),SHREE SPICES Chicken Curry Powder (250g) The Taste of Real Curry!,MRM Perfumes Air Freshener (Hanging Diffuser),Sugardollbynn Hair and Skin Vitamin and Intensive Hair Tonic (Basic Set),CONUTS INSTANT COCONUT WATER DRINK,DAGING DENDENG BELLE,MAGBLUE Habbatus Sauda 400mg Nigella Sativa,Khalish Brain Junior (120 tablets/per bottle),Asam Pedas Paste by NIXMART,Tiger Head Brand Prawn Cracker (RAWÔºâHalal 500g","0.00,0.00,0.00,0.00,4.50,4.20,9.00,10.20,9.60,1.80,35.00,20.00,7.00,5.00,4.00,2.80,10.20,9.60,4.15,4.15,12.50,9.00,4.50,3.00,4.80,5.00,3.50,2.00,6.00,1.85,15.00,8.00,6.00,1.60,1.15,14.00,14.00,16.00,1.00,49.00,3.60,3.00,35.00,5.00,5.49,4.57,8.50,29.00,5.00,9.00"
"Botanical Spice Tea,5 Pillars Of Islam Board Game,Telekung De Humaira Navy in Camelia,Marini Naturalemagic Shampoo Pandan & Lemongrass (250ml),COCOA PARADISE ‚Äì Chocolate Bath,Sambal Ikan Bilis Cik Milah,‚ÄòFREENABEAUTY‚Äô Coffee Body Scrub,Nutrifera 3-in-1 Hair Treatment Set,Khat Home Panel Decoration,Balqish Fabric Perfume 6 in 1 Home Use (250 ml),Miss Dodol,Zaisara Tat Nenas Bunga ( Flower Pineapple Tart),Zaisara Tat Nenas Gulung ( Rolled Pineapple Tart),Traditional Malaysian Fluffy Coconut Cookies,KUCATE ‚Äì HERBAL TEA DRINK,Traditional Malaysian Peanut Butter Cookies,‚ÄòRBBFOOD‚Äô Kerepek Ubi Masin (Salted Tapioca Chips ‚Äì 250 Gram +/-),‚ÄòRBBFOOD‚Äô Kerepek Ubi Perisa Kari (Curry Flavoured Tapioca Chips ‚Äì¬†300 Gram +/-),‚ÄòRBBFOOD‚Äô Kerepek Ubi Perisa Keju (Cheese Flavoured Tapioca Chips ‚Äì 300gm ),‚ÄòRBBFOOD‚Äô Kerepek Ubi Sambal (Spicy And Dry Tapioca Chips ‚Äì 350gm +/- ),‚ÄòRBBFOOD‚Äô Kerepek Ubi Sambal (Spicy And Moist Tapioca Chips ‚Äì 350gm ),MEAT/CHICKEN FLOSS (SERUNDING KAKNGAH ‚Äì 1KG) By Legasi ABR Delima Enterprise,Penang Pak Ali‚Äôs Honey Mixed Fruit Pickles,‚ÄòGold Label‚Äô Dried Anchovies From Tawau, Sabah (Borneo),‚ÄòKAKJA CORNER‚Äô Fruit Rojak Sauce,Authentic Shrimp Chilli Paste (Sambal Terasi),Batik Table Cloth,Che‚ÄôNor Sambal Penyet (Spicy Sauce),‚ÄòEnah Food‚Äô Cookiss Brownies Original Almond Choc,‚ÄòBestari‚Äô Crispy Fried Chicken Coating Mix (1kg),‚Äòredz‚Äô Serunding (Floss),‚ÄòWaghih Foods‚Äô Malaysian Bird‚Äôs Eye Chilli Curry Paste Nismilan,CMW Chocolate Chip Cookies (180 Grams),Dafesa Beef Flakes (Daging Kering),Fresh Dried Tamarind Slices (Asam Keping) ‚Äì 500 Grams,Idealiz Semi-Lipmatte Treatment","0.00,0.00,0.00,0.00,9.90,40.00,44.00,10.00,20.00,5.00,12.00,15.00,14.00,25.00,24.00,5.00,4.00,5.00,4.00,7.60,7.20,5.00,15.00,6.00,5.00,5.00,4.50,5.00,4.50,5.00,5.00,21.60,3.50,4.00,2.00,5.00,10.00,8.00,4.73,2.69,2.15,4.00,5.00,4.45,4.00,3.80,12.00,10.00,6.00,6.50,6.00"
"Faih Cooking Paste (Pes Ibu Sambal),Sayha Spicy Sambal,Dried Anchovies In Spicy Sauce (Sambal Ikan Bilis Merecik),‚ÄòNek Yom Foods‚Äô Extra Spicy Sauce (Sambal Tersedak),Goat2Glow Goat Milk (Mix Flavour Of Banana & Chocolate),‚ÄòWAHIDA‚Äô Aromatic Spiced Thick Soy Sauce Paste,Satin Square Scarf,‚ÄòCik Yut‚Äô Spicy Sauce ‚Äì Ready To Eat (Sambal Penyet),‚ÄòCik Yut‚Äô Sizzling Yee Mee (Noodles) Paste,‚ÄòCik Yut‚Äô Sizzling Yee Mee (Noodles),‚ÄòYatie Confectionery‚Äô Pineapple Tarts,Mug ‚Äì On The Way,Tote Bag ‚Äì Pop Culture Starter Pack,KAPRIMA Fresh UHT Goat Milk,Premium Pineapple Cheese Tart,Organic Soursop Leaf Tea (30 tea sachets per box),APOM Apron ‚Äì Batik,Mug ‚Äì POP Culture Nasi Lemak,‚ÄòADIA‚Äô Basmathi Rice With Chicken Rendang (Ready-To-Eat),‚ÄòADIA‚Äô Basmathi Rice With Chicken In Red Curry (Ready-To-Eat),‚ÄòADIA‚Äô Basmathi Rice With Beef Rendang (Ready-To- Eat),‚ÄòADIA‚Äô ¬†Rich Coconut Rice With Chicken In Red Curry (Ready-To-Eat),‚ÄòAdia‚Äô¬† Rich Coconut Rice With Anchovies Sauce (Ready-To- Eat),‚ÄòDayang Herbs‚Äô Herbal Bath (Lime Leaves & Lemon Grass Fragrance),‚ÄòRASS & ROSH‚Äô Extra Virgin Coconut Oil 500ML¬†,INTAN Perfume For Men And Women,Mallies Chococube ‚Äì Oat Chocolate Bars,MinZa Massage Oil ~ Mild Sensation,‚ÄòJoyMix‚Äô Organic Coconut Sugar 300g,Moringa Tea (30 teabags/pack),‚ÄòZ‚ÄôGHULAM‚Äô Spiced Fried Chicken Flour,‚ÄòAgroMas‚Äô Honey Coconut Jam (Seri Kaya Madu) 450g,‚ÄòCap Ceri‚Äô White Vinegar (Cuka),‚ÄòCerCuba‚Äô Sauces (3 Choices),‚ÄòSISIK‚Äô COW‚ÄôS OFFAL ‚Äì COMBO PACK,KRAVA Steamed Fruit Cake ‚Äì Regular","0.00,0.00,0.00,0.00,5.00,4.99,5.00,8.00,10.00,5.00,15.00,3.50,3.00,3.50,4.70,6.21,6.21,7.00,11.00,10.00,11.61,6.25,5.00,5.00,5.00,5.00,4.00,31.00,5.00,25.00,26.83,17.87,5.00,4.50,12.50,9.00,4.00,3.00,4.00,2.00,3.00,2.00,1.20,1.00,4.00,5.00,11.00,10.00,18.00"
"Roasted Quail (Puyuh Bakar) Ready-To-Eat,‚ÄòDapoq Surihati‚Äô Spicy Shrimp Paste Sauce,‚ÄòThe Legend‚Äô Sengkuang Calit (Spicy Sauce),‚ÄòBizBite‚Äô Melting Suji (Semolina) Cookies,‚ÄòCap Arnab‚Äô Kopitiam (Coffee Shop) Classic,SUPERFOOD AMINO 9,‚ÄòRASA MALAYA‚Äô ButterMilk Chicken,Mix Crunchy Garlic,Spicy And Crispy Salted Egg Cornflakes,Salted Fish Pickle (Acar Ikan Talang),Pomegranate Coffee (Kopi Maca Delima),Sambal Wak Jo (Spicy Sauce),Ramadan 2022 Handcrafted Gift Set,AL-QURAN Mushaf Malaysia With English Translation (SIZE A5),JV Organic Aloe Calming Set,‚ÄòPilah‚Äô Smoked Catfish (Keli Salai),‚ÄòPilah‚Äô Smoked Quail Eggs (Puyuh Salai),‚ÄòPilah‚Äô Smoked Duck (Itik Salai),‚ÄòPilah‚Äô Smoked Chicken (Ayam Salai),Salted Egg Krepek (Chips) ‚Äì 2 Varieties In 1 Pack,SHADOW Eau de Parfum by Papier-Mache. Co,Blusher ROS√©WOOD XII By Papier-Mache. Co,Semi Lipmatte Lipstick Heritage IV By Papier-Mache. Co,Mayrabelle Lipmatte,EyJus Original Herbal Supplement,Telekung Allysa (Prayer Gown),Herbal Pastilles Can B For Her,‚ÄòCap Lesong‚Äô 3-In-1 White Coffee,‚ÄòPILAH‚Äô Smoked Beef (Daging Salai),Pearl Cookies Original,Rona Feminine Wash,Monty Love Cookies (Kukis Cinta),‚ÄòDapogo‚Äô Nasi Lemak Sambal Bilis Set,OAT PISHIANG UAK ‚Äì Malaysian Banana Oats,Senna Tea Plus Stevia By PBOrganic,Set of Uri Pottery Management","0.00,0.00,0.00,0.00,7.50,3.50,4.00,6.00,7.00,3.00,32.00,29.90,3.00,4.00,3.30,2.60,10.00,9.00,2.86,30.00,20.00,11.99,3.80,3.40,6.50,6.00,10.00,9.50,6.50,6.00,4.80,6.00,5.00,15.00,10.00,10.00,8.00,7.00,15.00,26.00,16.49,14.34,4.99,5.50,5.00,6.00,8.70,8.00,4.00,3.50,6.00,15.00,5.50,9.50"
"Blue Butterfly Pea Flower Rejuvenate Serum (15ml),‚ÄòHana Cookies‚Äô Chocolatey & Nuts Filled Crunchy Love Letters (Kuih Kapit),Dried-Anchovies (250 G),‚ÄòSPIRUNEY+‚Äô Spirulina With Honey And Vitamin C,Rose Coffee Latte,Herbal Supplement For Men (Jamu Teruna Sari),Herbal Supplement For Women (Jamu Dara Sari),The Best Asam Pedas (Spicy and Sour) Melaka Paste,Original Dried Anchovies Terengganu,Daging Harimau Sentap,Cookies Rocher By Solaacher,Gluta Blink Bar Soap,Berry Sparkle Bar Soap,Oatmeal Babe Bar Soap,Neurox Asia Slimming Tea,Herbal Massage Oil (Minyak Herba Sari),Mocha Loca (30g X 15 sachets),‚ÄòBos Muda‚Äô Crispy Seaweed (Original Flavour),Premium Ginger Floss by Dara Sekurun,Premium Fried Garlic by Dara Sekurun,DR. IRMA DERMOSERIES,Premium Fried Shallots by Dara Sekurun,‚ÄòDapur Ummiy‚Äô Instant Cooking Paste (Combo Pack),‚ÄòMr. Cabai‚Äô Pickled Chillies,‚ÄòKelulut Kasih‚Äô Stingless Bee Honey And Blackseed,‚ÄòKelulut Kasih‚Äô Propolis Oil,‚ÄòKelulut Kasih‚Äô Bee Bread,Family Revival Spiritual Book Set,‚ÄòKelulut Kasih‚Äô Stingless Bee Honey (Sachet),Carini ‚ÄòLemon Sauce‚Äô,Carini ‚ÄòAromatic 3 Rasa‚Äô Paste (Ready-To-Cook),CORE-less Botanical Drink,‚ÄòKelulut Kasih‚Äô Stingless Bee Honey,Multi-Purpose Fragrant Soap (Champaca),Dalseo Vitamin C (Chewable Tablets),‚ÄòResepi Masyai‚Äô Beef Dendeng (Dendeng Daging)","0.00,0.00,0.00,0.00,15.00,6.60,4.00,3.00,11.00,24.00,5.00,15.00,15.00,8.00,2.60,6.90,6.00,10.00,9.00,5.00,4.00,5.00,4.00,5.00,4.00,7.00,6.00,9.00,12.00,5.00,5.50,4.50,34.00,5.50,34.00,1.99,35.00,17.00,13.00,39.90,16.00,3.50,10.00,3.50,10.00,30.00,29.00,5.40,7.40,8.00,7.00,6.60"
"REHAL YUSOFF,Air Freshener,Fabric Softener,Floor Cleaner,Multi-Purpose Fragrant Soap (Rose),‚ÄòKak Nab‚Äô Spicy Anchovies (Sambal Bilis),Black Turmeric & Bitter Gourd Herbal Drink With Stevia,‚ÄòMommy Hana‚Äô Magic Book For Kids,Lip Cream By Why Hayat (3 ml),Beaukids (10 Pouches x 120ml),SeaSalt Premium Cookies,‚ÄòADIA‚Äô Rendang Paste,‚ÄòADIA‚Äô Hainanese Chicken Rice Paste,‚ÄòADIA‚Äô Spicy Tomato Paste,‚ÄòVintage‚Äô Nasi Dagang Kit (Original Terengganu Taste),‚ÄòDerrr Yummy‚Äô Crispy Fish Crackers,Liliae Hot Set Red (24k Gold Essence + Strawberry Soap),Lestari Homemade Foot Scrub (Pink Salt Himalayan),‚ÄòSUWARIN‚Äô MUKBANG & SOMTAM SAUCES (COMBO PACK),Premium Hot Tom Yam Paste,‚ÄòSalman‚Äôs Brand‚Äô Spicy Chilli With Strawberry Black Sauce,‚ÄòHAFISZUDDIN‚Äô Sweet Banana Chip Snack,Bougas Beauty Skincare Full Set,Crispy Smoked Banana Bandung,500 Vocabulary Book,ELLOJOY Colostrum Milk Blend (New Zealand),Crispy & Crunchy Cassava Leaf Snack,Nutella Choc Cookies,‚ÄòADIA‚Äô All Purpose Marinate Paste,‚ÄòMyCoklat‚Äô Chocolate Malt Drink,Halal Crispy Banana Fritters Mix By Opulence Global,Instant Halal Tempura Mix by Opulence Global,‚ÄòCookiesKrackers‚Äô Chocolate Chip Cookies (Trio Combo Pack),Royale Bird‚Äôs Nest ‚Äì Box Set,Organic Brown Sugar (Gula Anau),Marketing Mastery ‚Äì The Secret Of Magnetizing Customers","0.00,0.00,0.00,0.00,42.85,5.00,4.20,4.00,5.40,7.40,3.50,45.00,30.00,11.00,8.00,12.99,5.28,2.20,2.20,2.20,7.00,5.90,28.30,6.00,8.36,4.00,3.50,1.90,15.00,66.90,2.35,7.06,25.00,6.60,5.12,2.20,16.00,1.90,1.90,24.00,15.00,4.00,6.00"
"HARUAN CREAM,Teega Crispy Brownies Cookie ‚Äì Red Velvet,‚ÄòFaa-iz‚Äô Goat‚Äôs Milk Drink,SUN FLOWER SEEDS (KUACI) ‚Äì 1 BOX (20 X 15G),HALWA MASKAT KILA,RAIFILI BATIK ANDIKA,Johor Spicy Soy Sauce (Sambal Kicap Johor),Collagen White Extra ‚Äì CrystalPure,‚ÄòVias‚Äô Spicy Fermented Durian Sauce (Tempoyak Chilli),‚ÄòRossalynda Amaze Herbs‚Äô Herbal Cream,NekNor Premium Jackfruit Fruit Jam Low Sugar 195g,NekNor Premium Guava Fruit Jam Low Sugar 195g,Jack ‚Äòn Jill Cloud 9 Wafer,Qaus Dried Anchovies In Spicy Sauce (Sambal Ikan Bilis),‚ÄòDappo‚Äô¬†Crispy Anchovies In Spicy Sauce,‚ÄòDappo‚Äô Salted Egg Paste,‚ÄòDappo‚Äô Nyonya Rendang Paste,FANI LASHBROW BOOSTER SERUM,SYOKOTUBE SYOKLAT (Hazelnut Chocolate Spread In A Tube),Miwa OLi ‚Äì Prebiotic Jelly Drink,Pure Honey Trio Set ‚Äì Kelulut, Tualang & Gelam,Dried Anchovy Grade AAA (250Gram/Pack),ORKED SHOWER GEL ‚Äì RAUDHAH / PASSION PEACH,QALIFAH ARAB RICE KIT,Japanese UKIYOE Sencha Green Tea,Mum‚Äôs Recipe Rojak Sauce,¬†Dried Longan With Lotus Seed Dessert,‚ÄòShaluxury Syifa‚Äô Perfume For Women,‚ÄòCerCuba‚Äô Rendang (Smoked Chicken/ Beef/ Smoked Duck),‚ÄòCerCuba‚Äô Meat In Spicy Sauce,‚ÄòHarlien‚Äô Moringa Juice (Apple Flavour),¬†‚ÄòCerCuba‚Äô Marinate Sauce,‚ÄòANAK ABAH‚Äô Mini Pretzel,‚ÄòKitchen Saver‚Äô Fresh Blended Ginger,‚ÄòKitchen Saver‚Äô Fresh Blended Turmeric,‚ÄòKitchen Saver‚Äô Fresh Blended Galangal","0.00,0.00,0.00,0.00,22.00,4.40,6.80,8.00,5.00,5.00,6.00,21.00,19.00,10.00,10.00,3.00,2.00,3.00,2.00,1.55,5.00,8.00,7.00,5.00,4.00,4.00,3.00,6.50,12.65,6.00,105.00,6.00,16.00,6.00,4.33,6.20,4.00,40.00,6.50,6.50,13.00,11.00,4.40,6.60,4.60,4.00,4.60"
"Crispy Bitter Gourd Snack (Comes In 3 Flavours),‚ÄòCerCuba‚Äô Smoked Meat In Rich Bird‚Äôs Eye Chilli Gravy,Kayangan Moist & Tasty Steamed Fruit Cake,Multipurpose Fried Chicken Spice,Classic Candle: Sea Salt & Orchid Scent,‚ÄòKitchen Saver‚Äô Fresh Blended Bird‚Äôs Eye Chilli,¬†‚ÄòKitchen Saver‚Äô Ground Dried Chilli,‚ÄòKitchen Saver‚Äô Blended Yellow Onion,‚ÄòKitchen Saver‚Äô Blended Garlic,‚ÄòKembara‚Äô Lamb Kuzi (Curry) With Rainbow Rice,‚ÄòKitchen Saver‚Äô Blended Red Onion,‚ÄòBROWNIE‚ÄôS HUT‚Äô BRITTLE BROWNIE BISCUITS,‚ÄòCRAFT‚Äô Spicy Smoked Duck Amatriciana,Fermented Fish (Ikan Pekasam),‚ÄòLUCKQU‚Äô Sambal (Spicy Sauce) Combo Set,‚ÄòChef`s Taste‚Äô Traditional Rendang,Spicy Yellow Curry Paste,‚ÄòSOLOVE‚Äô Cosmetics Lip Creamy Matte (Hope),Malaysian Pure Honey Gift Set,Prawn Floss (Serunding Udang),‚ÄòIBU SOFIA RECIPES‚Äô Fermented Durian Sauce,‚ÄòRIMAU KITCHEN‚Äô BBQ Seasoning (Smokey Flavor),‚ÄòSAUDAGAR RASA‚Äô Cooking Paste (6 Varieties ‚Äì Each pack 150g),‚ÄòKRUK KRAP‚Äô Sea Shell Snack,‚ÄòSAMBEY BERANAK‚Äô Multi-Purpose Paste,EOL PERFUME ‚Äì IVORY,‚ÄòSLAE‚Äô Bare & Boujee Matte Liquid Foundation,NIQAB AYUDIA HIDDEN STYLE,AYUDIA NINJA,NIQAB ASIAH,NIQAB AMANDA,NIQAB KHADIJAH,‚ÄòSLAE‚Äô Bare & Boujee Cushion Foundation,Herbal Drink Beyh Royale,‚ÄòSLAE‚Äô Bare & Boujee Compact Powder,EOL PERFUME ‚Äì ELIXIR","0.00,0.00,0.00,0.00,8.00,6.50,7.00,10.00,7.00,20.00,18.00,4.00,4.00,4.00,4.00,10.00,8.80,4.00,10.00,3.00,7.00,6.00,5.50,8.00,4.00,3.00,5.19,65.00,7.70,7.70,8.80,4.00,4.00,4.00,8.80,5.90,4.00,25.00,20.00,15.40,17.16,16.46,18.89,18.89,18.89,19.60,13.76,14.40,25.00,20.00"
"Cadbury Tart Bombastic,JS Homemade Spicy Crackers (Keropok),English Steamed Fruit Cake,‚ÄòCarini‚Äô Kamheong Paste (Ready-To-Cook),Maruku Golden Salted Egg (Spicy),Chocolate Super Crunchy Love Letter Biscuits (Kuih Kapit),Oven Baked Anchovies Premium Quality (100% Halal),Premium Extra Big Knotted Popia,Durian Coffee Latte,‚ÄòSos Magic‚Äô Multipurpose Cooking Sauce ‚Äì Rahsia Quali,Sambal Penyet (Spicy Sauce) Sumatera ‚Äì Rahsia Quali,LOKAL MUNCHIES COOKIES SERIES,Samza‚Äôs Twisted Cluster Beans In Spicy Sauce,Samza‚Äôs ¬†Crispy Anchovies In Spicy Sauce (Sambal Garing Bilis Asli),Samza‚Äôs All-Purpose Spicy Sauce (Sambal Tumis Serbaguna),Samza‚Äôs Spicy & Sour Paste (Asam Pedas),Samza‚Äôs Instant Spicy Tomato Paste,Samza‚Äôs Crispy Shrimp Sauce,Samza‚Äôs Shrimp Paste,Samza‚Äôs Green Chilli Sauce,Nasi Kerabu Kelantan Kit (Herb Rice Kit),Niqab Muslimah,‚ÄòADUCKTIVE‚Äô ORIGINAL SALTED EGG CORNFLAKES By UV Legacy,Mini Skirt Basic,Kopiah (Muslim Head Cap) Kids Dwi,Inner Turtle Neck,INNA BLOUSE BY ZN IM EMPIRE,MOANA MINI DRESS CUM BLOUSE  BY ZN IM EMPIRE,NekNor Premium Pineapple Fruit Jam Low Sugar 195g,NekNor Premium Mango Fruit Jam Low Sugar 195g,CHOCOLATE MILK WITH OATS,Spicy Tapioca (Cassava) Chips,PENCIL SKIRT BY ZN IM EMPIRE,Salted Egg Paste by Naila Food,Sambal Petai (Twisted Cluster Bean Sauce),Dizans Sambal Gesek (Spicy Sauce)","0.00,0.00,0.00,0.00,7.50,6.50,5.00,18.00,3.50,10.00,4.80,4.85,8.80,7.00,5.00,8.00,8.00,13.00,11.00,5.90,5.90,5.90,3.90,3.90,5.90,5.90,5.90,40.00,35.00,7.99,3.00,7.00,5.99,4.99,6.99,10.00,12.00,3.00,2.00,3.00,2.00,16.00,13.00,10.00,11.00,4.00,8.00,6.00"
"Original Black Horse Vital Honey,‚ÄòTRAVELLA‚Äô NASI LEMAK CHICKEN RENDANG (R-T-E) By Tapao Foods Enterprise (UK Stock),BL Skin Treatment,Mount Kinabalu Coffee (Ground Coffee),CollaGlow Collagen Glowing Jelly,Neu Coffee for Women,Sambal Hitam Belimbing Buluh KVG,Neu Coffee For Men,Crispy Homemade Mushroom Crisp,CHIKTA PESAMAH (GRAVY) MIX & BERIANI (2-IN-1) PACK,Thai Chicken Phad Phed (Ready-To-Eat),Dendeng Opah Awesome (UK Stock),BRIYANI RICE WITH BEEF By Koperasi Keluarga Raja Samah Bhd (Koras Bhd) (UK Stock),ROYAL FLOSS SERUNDING IKAN/ AYAM/ DAGING (FISH FLOSS / CHICKEN FLOSS / MEAT FLOSS) By Sambal Go Trading (Pack of 3) (UK Stock),Rempeyek Mercikkk (Crunchy Crisp),NASI HIMPIT (RICE) ZULLFA,KING FAHD GLORIOUS QURAN,EPIN BERGEDIL (POTATO PATTIES) SPICE,EPIN FRUIT PICKLE (Ready-To-Eat),EPIN ROJAK SAUCE,EPIN SATAY SAUCE (DRY),EPIN PECAL SAUCE (DRY),Markisa Passion Fruit & Poppy Seed Cookies,Acar Ikan Masin (Salted Fish Pickle) By Fish Kitchen,JUICE ENERGY,CHEESEY CASSAVA LEAF SNACK,Sah Spndr ‚Äì Cotton Brief,‚ÄòHANAI‚Äô SAMBAL BELACHAN (SHRIMP SAUCE),BOMBOLA ANTIBAC FACIAL MIST,BEEF DENDENG (Product By Ratu Petai),Habib Roll On With Collagen,FLAVIA CRISPY ANCHOVIES IN SAUCE,SAMBAL TERCIDUK FCJ (SPICY SAUCE),SAMBAL HALIA FCJ (GINGER SAUCE),LIP BALM ‚Äì DRY BATTLE LIP BALM,Crispy Smokey Banana [ Banana Snack ‚Äì DUNDUT ]","0.00,0.00,0.00,0.00,45.00,10.00,8.00,15.00,12.00,5.00,12.00,10.00,10.00,9.00,5.00,4.00,10.00,9.00,2.50,5.00,4.00,10.00,9.50,12.00,4.00,4.50,4.00,29.90,19.90,2.00,3.00,2.50,4.00,2.50,4.00,2.50,4.00,8.00,5.00,14.00,2.50,6.60,6.00,4.00,7.00,9.00,5.00,3.60,6.00,8.00,29.00,3.95,2.75"
"MARTIAN PICKS AJWA DATES,JM Pecal Sauce,Pineapple Tart,Fortune Arabica Coffee Latte & Swiss Roast,NekNor Premium Dragon Fruit Jam Low Sugar 195g,‚ÄòZAYYAN‚Äô YUMMY CHOCO TUB,RA8 REGENERATIVE FACE SERUM 15ML,AQUA REVIVE SKIN PERFECT WATER,Puteri Amani Feminine Wash ‚Äì Halal Certified,Cik Midah Fish Grill Paste ‚Äì Pack Of 3,Cik Midah Sambal To‚Äômat (Tomatoes in Spicy Sauce) ‚Äì Pack of 3,KRIS MURUKKU NO.1,Mipablo Asian Stir-Fry Noodle Paste,Papatoe Riyad Ramadan Kareem Gift Box,‚ÄòBerro Labs‚Äô Iso Meal Replacement,NIQAB BUTTERFLY DINSYIRAHQUEENN,Sambal NekNor  (Spicy Sauce),‚ÄòCik Yut‚Äô Asam Pedas Paste,Dendeng Opah Awesome,LEOMIE Mee Siam Paste,SAMBAL BELACAN MODERN (SPICY SHRIMP PASTE),Wayslim Instant Yogurt,FlapJo Cornflake Bites,Niza‚Äôs Creation Pineapple Tarts,Pineapple Tart,SAMBAL MAMACHU (4 Choices),Spicy Crunchy Langkawi Anchovies,Masculine Wash For Men (Agarwood/Gaharu) ‚Äì Best Seller!!!,DEJAVUU CLASSIC FRUITCAKE,PENANG BRIYANI SET,PREMIUM QUALITY DATES ‚Äì SAFAWI PREMIUM,SUJI (SEMOLINA) COOKIES,Samza‚Äôs Sambal Penyet (Spicy Sauce),HennaDEAZ  Organic Henna Eyebrow Tint,Cappuccino Lino,Vegan Wanton Noodles","0.00,0.00,0.00,0.00,18.00,15.99,4.00,6.00,8.50,5.50,3.00,2.00,6.60,28.25,19.50,5.50,4.50,6.00,1.50,6.00,25.00,28.00,18.00,38.94,34.98,5.00,2.50,3.50,6.00,3.70,3.80,3.30,24.00,6.00,7.00,6.00,4.00,5.00,4.50,9.50,12.00,13.00,8.80,7.00,5.90,13.00,12.00,8.00"
"Spicy and Sour Paste (Asam Pedas),Faz Drip Coffee with Premium Arabica Beans,NeQrose Banana Chips (100g),Daging Dendeng D‚ÄôAstana (Beef Jerky),Zie‚Äôs Dried Jelly,KOREAN TTEOK & MALAYSIAN CHICKEN RENDANG,Pes Mee Bandung Muar (NOODLE PASTE) 500gm,Lemon Mint Kombucha,SNUGFOOD PENANG SATAY MARINADE PASTE 200G,Coconut Flavoured Cookies,HALAL CARBONARA PASTE Ready To Eat,Chilli Sauce,DASTO GRANOLA RICH,Multipurpose Household Cleaner,Black Sauce With Dried Anchovies And Belimbing,MARIA D‚ÄôTEMPO (Tempoyak -Fermented Durian),Hayyu Sambal Percik,Beef in Dark Soy Sauce,IPOH Durian White Coffee (4-In-1),Iries Stevia Goat Milk Premix Drink,Bluebell Skincare Set,AYSHAA Triple Beauty Box,Beef Kandar Curry By Hakala Sdn Bhd,KEMALA SKINCARE by Faiz Cosmetic,‚ÄòETA FOOD‚Äô Tapioca Cookies (Kuih Bangkit) ‚Äì Mini Pack,‚ÄòROYAL SHIELD‚Äô FOAMING HAND SANITIZER By Bio Fluid Sdn Bhd (Pack of 3),‚ÄòKOZE DAIRY‚Äô Goat Milk (Susu Kambing),DODOL WARISAN (TRADITIONAL DODOL) By Prima Care Trading,‚ÄòShim Gallery‚Äô Ismahani Multipurpose Praying Mat,Spicy Peanut Dressing (Sambal Pecal),‚ÄòShareKiss‚Äô Cookies By BIZ MERIDEAN TRADING,CHOCOJERR¬† By Nabila Blended Caf√©,‚ÄòSAMBEL EVERYDAY‚Äô  By Sambel Everyday  Enterprise,NOUR‚ÄôS CHICKIN CRISPY CHICKEN SKIN,RENDANG DAGING HITAM (BEEF RENDANG) By Rass Catering,CHOCOLATE  TOPIQ  By FT & K Enterprise","0.00,0.00,0.00,0.00,2.00,9.50,2.50,4.00,16.00,7.00,1.99,4.00,3.60,4.90,6.00,12.00,15.00,12.00,1.90,1.63,4.20,6.00,8.00,10.00,3.00,12.00,50.00,25.00,60.00,35.00,5.00,4.00,30.00,3.00,9.00,10.00,4.00,31.00,2.00,6.00,3.60,4.00,6.00,6.00,2.00"
"CRISPY GARLIC MAK TOK By MAK TOK LEGACY,BAWANG GORENG MAK TOK (MAK TOK FRIED SHALLOTS) By MAK TOK LEGACY,ROYALE CAPPUCINO (SMALL) by Shedot Empire,GOLDEN COCONUT (SMALL) by Shedot Empire,RTE AYAM MASAK MERAH (CHICKEN IN RED SAUCE) By Sahabat Ikhtiar Retort Sdn Bhd,RTE RENDANG DAGING HITAM (BEEF RENDANG) By Sahabat Ikhtiar Retort Sdn Bhd,KEREPEK PISANG (BANANA CRISP) By Beelily Healthcare Enterprise,Kuih Gunting (SCISSORED CRISP) By Beelily Healthcare Enterprise,‚ÄòCHE DON RECIPES‚Äô RENDANG TOK DAGING (BEEF RENDANG) By  Mardonal Legacy Enterprise,PERENCAH ISTIMEWA CHAR KUEY TEOW (CHAR KUEY TEOW SAUCE MIX)  By Kaw Kaw Licious Enterprise,KRUSPY‚Äô SPICY CHEESY SALTED EGG CORNFLAKES By  Kruspy Global Enterprise,‚ÄòADUCKTIVE‚Äô SPICY SALTED EGG CORNFLAKES By UV Legacy,Telekung De Humaira Pretty Rose,‚ÄòKREPEKLICIOUSZ‚Äô KREPEK (CHIPS -Kerepek Pisang Tanduk Masin (Banana Chips) ‚Äì 500g) By SMD Food Empire,‚ÄòKREPEKLICIOUSZ‚Äô KREPEK (CHIPS ‚Äì Krepek Ubi Pedas Basah (Spicy And Moist Tapioca Chips) ‚Äì 500g) By SMD Food Empire,‚ÄòBONDA‚Äô FISH SERUNDING ASLI KAMPUNG LAUT By SERAYA GARAGE ENTERPRISE,Magic Lipstick 24k Gold Paper By Papier-Mache. co,OTTOMO COFFEE by Cahaya Gemilang Service & Marketing,01-4002 ‚ÄòCOOL BREEZE‚Äô (SLEEVES PAIR ‚Äì Black Sleeve) by Nusar Sports Sdn Bhd ‚Äì Muslim ActiveWear,01-6002 ‚ÄòCOOL BREEZE‚Äô (TUBES ‚Äì Grey Tube) by Nusar Sports Sdn Bhd ‚Äì Muslim ActiveWear,01-10003 ‚ÄòCOOL BREEZE‚Äô (HIJABS ‚Äì Cool Breeze RANIA) by Nusar Sports Sdn Bhd ‚Äì Muslim ActiveWear,01-10001 ‚ÄòCOOL BREEZE‚Äô (HIJABS ‚Äì Cool Breeze DHIA) by Nusar Sports Sdn Bhd ‚Äì Muslim ActiveWear,01-10002 ‚ÄòCOOL BREEZE‚Äô (HIJABS ‚Äì Cool Breeze AIME) by Nusar Sports Sdn Bhd ‚Äì Muslim ActiveWear,‚ÄòEATME‚Äô MALAYSIAN COOKIE TREATS ‚Äì Brownies and Florentine Cookies By Eatme By AJ Enterprise (Both Flavours),‚ÄòEATME‚Äô MALAYSIAN COOKIE TREATS ‚Äì Pineapple Cheese Tart By Eatme By AJ Enterprise,‚ÄòCIK PUTEH‚Äô COOKIES AND CHOCOLATE GALORE ‚Äì Chocolate Marble Tiles By Shipuden Oshin,‚ÄòCIK PUTEH‚Äô COOKIES AND CHOCOLATE GALORE ‚Äì Chocolate Oreo Praline By Shipuden Oshin,‚ÄòCIK PUTEH‚Äô COOKIES AND CHOCOLATE GALORE ‚Äì Crunchy Chocolate Chips By Shipuden Oshin,‚ÄòCIK PUTEH‚Äô COOKIES AND CHOCOLATE GALORE ‚Äì Triple Chocolate Chip Cookies By Shipuden Oshin,‚ÄòCIK PUTEH‚Äô COOKIES AND CHOCOLATE GALORE ‚Äì Crunchy Fruity Cookies By Shipuden Oshin,‚ÄòCIK PUTEH‚Äô COOKIES AND CHOCOLATE GALORE ‚Äì Belgium Callebaut Cookie By Shipuden Oshin,‚ÄòCIK PUTEH‚Äô COOKIES AND CHOCOLATE GALORE ‚Äì Crispy Mocha Cookies By Shipuden Oshin,‚ÄòCIK PUTEH‚Äô COOKIES AND CHOCOLATE GALORE ‚Äì Tart Nenas Godang (Pineapple Tart) By Shipuden Oshin,‚ÄòHANA SAKURA‚Äô EAU DE PARFUM By Pure & Raw Skincare (Both Fragrances),‚ÄòSAHI‚Äô Bird‚Äôs Nest Chewable Tablets (Lychee Flavour) By Sahi Elements Sdn Bhd,‚ÄòUNIQ MATTE‚Äô LIPMATTE Voluble By Uniq Cleo Empire","0.00,0.00,0.00,0.00,3.50,3.00,5.00,5.00,2.00,2.00,4.00,4.00,4.00,8.00,6.00,3.00,44.00,6.00,5.00,5.00,20.00,8.00,16.00,10.00,15.60,4.40,13.80,13.80,13.80,17.00,8.00,14.00,4.00,3.00,3.00,3.00,3.00,4.00,4.00,6.00,10.00,10.00"
"‚ÄòUNIQ MATTE‚Äô LIPMATTE Vivify By Uniq Cleo Empire,‚ÄòUNIQ MATTE‚Äô LIPMATTE Sirenic By Uniq Cleo Empire,‚ÄòUNIQ MATTE‚Äô LIPMATTE Regina By Uniq Cleo Empire,‚ÄòAGYM‚Äô VENUS SLIMZ ADVANCED 100% NATURAL FAT BURNER By Agym Nutrition Sdn Bhd,‚ÄòAGYM‚Äô VENUS GLOW COLLAGEN By Agym Nutrition Sdn Bhd,‚ÄòAGYM‚Äô BLACK ENERGY SPORTS PERFORMANCE COFFEE By Agym Nutrition Sdn Bhd,‚ÄòAGYM‚Äô NUTRITION CREATINE MONOHYDRATE By Agym Nutrition Sdn Bhd,‚ÄòAGYM‚Äô TITAN WHEY ANABOLIC PROTEIN By Agym Nutrition Sdn Bhd,‚ÄòAGYM‚Äô TITAN RATION HIGH PROTEIN NUTRITIOUS MEAL REPLACEMENT By Agym Nutrition Sdn Bhd,‚ÄòPETANI‚Äô HEALTH & VITALITY BEVERAGE FOR MEN By Syarikat Zulkifli Bamadhaj Sdn Bhd,‚ÄòPETANI‚Äô MA‚ÄôAJUN (TRADITIONAL REMEDY) FOR MEN By Syarikat Zulkifli Bamadhaj Sdn Bhd,‚ÄòPETANI‚Äô HEALTH & VITALITY CAPSULES FOR MEN By Syarikat Zulkifli Bamadhaj Sdn Bhd,‚ÄòPETANI‚Äô SARBAT TEA By Syarikat Zulkifli Bamadhaj Sdn Bhd,‚ÄòPETANI‚Äô ICE LEMON TEA By Syarikat Zulkifli Bamadhaj Sdn Bhd,‚ÄòPETANI‚Äô KOPI SARBAT By Syarikat Zulkifli Bamadhaj Sdn Bhd,‚ÄòKlappers  Co‚Äô BLOOM HAIR OIL (HYDRATING) By Klappers Naturals,BRIYANI RICE WITH MUTTON By  Koperasi Keluarga Raja Samah Bhd (Koras Bhd),BRIYANI RICE WITH BEEF By Koperasi Keluarga Raja Samah Bhd (Koras Bhd),MINTY KISS (LIP bALM) BY GUZEL VALLEY VENTTURE,Prim & Proper ( Under Eye Serum ) By Guzel Valley Venture,SOUP POWDER By Faiza Marketing Sdn Bhd,RAJA CURRY By Faiza Marketing Sdn Bhd,KURMA POWDER By Faiza Marketing Sdn Bhd,BUKHARI POWDER By Faiza Marketing Sdn Bhd,READY-TO-COOK (RTC) RENDANG SAUCE By Faiza Marketing Sdn Bhd,READY-TO-COOK (RTC) MEAT CURRY SAUCE By Faiza Marketing Sdn Bhd,READY-TO-COOK (RTC) FISH CURRY SAUCE  By Faiza Marketing Sdn Bhd,KANDY KHUN (TRADITIONAL THAI CANDIES) By Mikaysha Enterprise,‚Äù PIPIT ‚Äù COOKIES DELIGHT ‚ÄòPINEAPPLE TARTS‚Äô By Pipit Patisserie & Cafe,COOKIES DELIGHT ‚ÄòCHOCOLATE CHIP COOKIES WITH SEA SALT‚Äô By Pipit Patisserie & Cafe,COOKIES DELIGHT ‚ÄòNUTELLA PODS‚Äô By Pipit Patisserie & Cafe,LITTLE MUSLIM BUSY BOOK ‚Äì FUN ACTIVITY BOOK FOR KIDS By Kamil Ibrahim Enterprise,LITTLE MUSLIM BUSY BOOK ‚Äì ACTIVITY BOOK FOR KIDS By Kamil Ibrahim Enterprise,BUDU IN TUBE By Kamil Ibrahim Enterprise,BUDU KETEREH (FERMENTED FISH SAUCE) By Kamil Ibrahim Enterprise 100 gm,REHAN Pes Masak Lemak Cili Api [Bird‚Äôs Eye Chilli Paste ‚Äì Extra Spicy] By Rehan Global Food Sdn Bhd (1 box = 6 packs)","0.00,0.00,0.00,0.00,10.00,10.00,10.00,11.00,22.00,14.00,11.00,27.00,20.00,3.40,4.00,10.00,3.50,3.50,3.50,5.00,6.00,5.50,2.00,4.38,2.00,2.00,2.00,4.00,2.00,2.00,2.00,3.00,6.00,6.00,6.00,16.00,16.00,1.50,1.80,10.00"
"REHAN Sambal Hijau [Green Sambal] By Rehan Global Food Sdn Bhd (1 box = 6 packs),REHAN Pes Asam Pedas [ Spicy n Sour Paste] By Rehan Global Food Sdn Bhd (1 box = 6 packs),READY-TO-COOK (RTC) BRIYANI SAUCE By Faiza Marketing Sdn Bhd,‚Äònu-caffe‚Äô PERFORMAN  By Biotropics Malaysia Berhad,DRIED ANCHOVY PREMIUM QUALITY (MATA BIRU ‚Äì MALAYSIAN) BY Green Legacy Care Enterprise (250g Pack),DRIED ANCHOVY PREMIUM QUALITY (PEELED AND CLEANED) ‚Äì (500g),DRIED ANCHOVY PREMIUM QUALITY (PEELED AND CLEANED ‚Äì 100g),DRIED ANCHOVY PREMIUM QUALITY (MATA BIRU) ‚Äì 100g,Oleh Elona Amazing Balm 25g,‚ÄúBODEN‚Äù DAGING SALAI (SMOKED MEAT ‚Äì BATANG PINANG ) By Boden Fine Foods,‚ÄúHAJI HALIM‚Äù PREMIUM REMPAH KUZI AYAM (CHICKEN GRAVY SPICE) By Pasir Pekan Food Industries,‚ÄòDODOLPROJECT.COM‚Äô DODOL CAPPUCCINO By My Adazinn Resources,COOKIES DELIGHT By Pipit Patisserie & Cafe,KAY‚ÄôS KUAH PERCIK WAN GAYAH ( CHEESE SAUCE ) By Budi Reginaa Marketing,‚ÄúZANRIAS‚Äù AISHAA BASIC SHAWL by ZANRIAS BOUTIQUE,‚ÄòLADER‚ÄôO‚Äô SELERA MALAYSIA By Imtiyaz Baraqah Resources,REHAN Rempah Rendang Rembau [Rendang Spices] By Rehan Global Food Sdn Bhd (1 box = 8 packs),REHAN Rempah Kari [Curry Spice] By Rehan Food Global Sdn Bhd (1 box = 8 packs),REHAN Rempah Goreng Serbaguna [Multipurpose Spices] By Rehan Food Global Sdn Bhd (1 box = 8 packs),REHAN Rempah Soto [Soto Spices] By Rehan Food Global Sdn Bhd (1 box ‚Äì 8 packets),REHAN Rempah Sup [Soup Spices] By Rehan Food Global Sdn Bhd (1 box = 8 packs),‚ÄòPETANI‚Äô MINYAK PATI GAMAT LANGKAWI PETANI (PURE HOME MADE OINTMENT) By Syarikat Zulkifli Bamadhaj Sdn Bhd,‚ÄòPETANI‚Äô HEALTH & VITALITY CAPSULES FOR  WOMEN By Syarikat Zulkifli Bamadhaj Sdn Bhd,‚ÄòPETANI‚Äô MA‚ÄôAJUN (TRADITIONAL REMEDY) FOR WOMEN By Syarikat Zulkifli Bamadhaj Sdn Bhd (Choose 1),‚ÄòPETANI‚Äô HEALTH & VITALITY BEVERAGE FOR WOMEN By Syarikat Zulkifli Bamadhaj Sdn Bhd,REHAN Pes Soto [Soto Paste] By Rehan Food Global Sdn Bhd (1 box = 6 packs),‚ÄòKlappers  Co‚Äô YOUTHFUL ANTI AGING SERUM By Klappers Naturals,‚ÄòKlappers  Co‚Äô SIGNATURE COCONUT SHEA BODY BUTTER By Klappers Naturals,‚ÄòKlappers  Co‚Äô CALENDULA ROSE CLAY MASK By Klappers Naturals,‚ÄòKlappers  Co‚Äô COCO-ROSE HAIR MASK By Klappers Naturals,‚ÄòKlappers  Co‚Äô CLARIFYING FACE OIL By Klappers Naturals,‚ÄòKlappers  Co‚Äô ACNE CLEARING SERUM By Klappers Naturals,TERIYAKI & SZECHUAN SAUCES By Asianketo Enterprise (Get Both Flavours),SAMBAL PARU KAK KEK (COW‚ÄôS OFFAL IN SPICY SAUCE) by Asianketo Enterprise,‚ÄòKlappers  Co‚Äô DEW NIGHT THERAPY MOISTURIZER By Klappers Naturals,‚ÄòKlappers  Co‚Äô BLOOM HAIR OIL (BALANCING) By Klappers Naturals","0.00,0.00,0.00,0.00,10.00,10.00,2.00,10.00,5.00,8.00,2.00,2.60,12.00,7.00,3.00,5.00,6.00,4.00,10.00,35.00,8.00,8.00,8.00,8.00,8.00,1.00,5.00,5.00,3.40,10.00,11.00,8.00,10.00,11.00,10.00,5.00,12.00,10.00,8.00,5.00"
"‚ÄòKlappers  Co‚Äô SWISH PEPPERMINT By Klappers Naturals,‚ÄòAGYM‚Äô VENUS WHEY PROTEIN + COLLAGEN By Agym Nutrition Sdn Bhd (Choose Your Flavour),‚ÄòAGYM‚Äô TITAN BURN FAT BURNER By Agym Nutrition Sdn Bhd (Choose Your Flavour),‚ÄòUNIQ MATTE‚Äô LIPMATTE Marvy By Uniq Cleo Empire,GOLDEN TANI (STINGLESS BEE HONEY) ‚Äì 200g By Rizzue Enterprise,‚ÄòNUTRILAND‚Äô MINYAK AROMATIQUE ZAFARAN (AROMATIC OIL) By Nutriland Herbs And Healthy (Pack of 2),‚ÄòSAHI‚Äô Booster 1 box of 15 sachets (Berry Flavour) By Sahi Elements Sdn Bhd,‚ÄòEATME‚Äô MALAYSIAN COOKIE TREATS By Eatme By AJ Enterprise (Choose Any One),‚ÄòMYPLATE‚Äô KACANG PHOOL DAGING (BEEF CHILLI BEANS) By Nutra Food Resources (Pack of 3),‚ÄòRASA MALAYA‚Äô PES MEE BANDUNG (NOODLE PASTE) By  Sweet Purple Resources (Pack of 3),‚ÄòCIK PUTEH‚Äô COOKIES AND CHOCOLATE GALORE ‚Äì Chocolate Crunch By Shipuden Oshin,FATIMAH HIJAB SHAMPOO By Baaqy Mumiit Sdn Bhd,‚ÄòFMAS‚Äô TELEKUNG LABUH RIZJLAH (PRAYER OUTFIT ‚Äì Black set) By Fmas Enterprise,‚ÄòLIGHTBOLD‚Äô KUDAPAN LIGHT & BOLD COOKIES By Light & Bold Network,GIFT SET COOKIES By Cloud Cookies (Choice of 3),‚ÄòCLOUD‚Äô ASSORTMENT OF COOKIES By CLOUD COOKIES (Choice of 2),CHOCOJERR  By Che Ton Food Solution (All 3 Flavours),‚ÄòWSWJ‚Äô POPIA CHEESE SPICY  (CHEESY AND SPICY SPRING ROLL WRAPER) By WAN SYAHIRAH BINTI WAN JAMALUDDIN (Pack of 2),SPICES By DK F&B Solution (Choose any 3),THE PRISTINE MAWAR (ROSE WATER MIST) By DK F&B Solution (Pack of 5),NUTELLA PODS  By Cloud Cookies,‚ÄòBONDA‚Äô SERUNDING ASLI KAMPUNG LAUT(MEAT/CHICKEN/FISH FLOSS) By SERAYA GARAGE ENTERPRISE (All 3 Flavours),‚ÄòDUTA KELANTAN‚Äô SAMBAL BAWANG AND SAMBAL HIJAU (ONION SAUCE AND GREEN CHILLI SAUCE) By DK F& B SOLUTION (Both Varieties),‚ÄòSOAPRETTY‚Äô FACIAL, SKIN AND HAIR SOAPS By Soapretty Legacy,‚ÄòKORAS‚Äô RENDANG MAMAN (CHICKEN RENDANG) By KOPERASI KELUARGA RAJA SAMAH BHD,BIZRAANIE‚ÄôS ASSORTED KIDS FAVOURITE  By Bizraanie Enterprise,BIZRAANIE‚ÄôS SAVOURY POPIA UDANG & SAMOSA AYAM (PRAWN SPRING ROLL AND CHICKEN SAMOSA) By Bizraanie Enterprise,‚ÄòBLICIOUS‚Äô BIZRAANIE‚ÄôS ASSORTMENT OF BISCUITS AND COOKIES By BIZRAANIE ENTERPRISE,BILIS SAMBAL UTARA PADU‚Äº (DRIED ANCHOVY SAUCE) By Heedayah Food (Both Variety),KEROPOK TOK MUNGG (FISH CRISPS) By SLA Legacy,‚ÄòREADY-TO-EAT‚Äô CHICKEN RENDANG By Razarina Enterprise,‚ÄòSHIFFA‚Äô PENANG CURRY MASALA  By SHIFFA ENTERPRISE,‚ÄòSALMAH‚Äô SOS SENGKUANG CALIT (SPICY TURNIP SAUCE) By SEVENTH EAST P TRADING & SERVICES,CHEW N GLOW by ZD BEAUTY RESOURCES,KRUK KRUK GARLIC By NSAS Suhalis Enterprise (Choice of 6 Flavours),BLOOP! ‚ÄòCHRUNCHIE DELIGHT‚Äô CORNFLAKE BY Bloop Crunchie Delight","0.00,0.00,0.00,0.00,7.60,26.20,19.80,10.00,13.00,12.00,14.00,9.00,10.80,3.60,3.00,10.00,18.00,8.00,14.00,8.80,10.80,8.00,9.00,9.00,5.00,15.00,7.20,6.00,5.50,10.00,10.00,10.00,6.40,4.00,10.00,8.00,2.00,4.50,32.00,12.00,3.00,6.00"
"‚ÄòNURIZ SHOPPE‚Äô FRUIT CAKE LEGEND By MFAH Mix Enterprise,‚ÄòTERENGGANU PIOR‚Äô KEROPOK KEPING (FISH CRACKERS FROM TERENGGANU) By Gem Ocean Enterprise,‚ÄòKUDAP STATION‚Äô STEAMED FRUIT CAKE By KUDAP STATION,‚ÄòmySOUL‚Äô ROSE OIL 4-IN-1 TRAVEL SET By MSOUL Enterprise,‚ÄòmySOUL‚Äô ROSE OIL SHOWER GEL By MSOUL Enterprise,‚ÄòmySOUL‚Äô ROSE OIL HAIR SHAMPOO & CONDITIONER By MSOUL Enterprise,KAIN BATIK ASLI TERENGGANU (ORIGINAL HAND-BLOCKED BATIK FROM TERENGGANU By Adible Supply,‚ÄòmySOUL‚Äô FOOT CREAM  By MSOUL Enterprise (Pack of 2),‚ÄòVANILLA TREATS‚Äô CRYSTAL JELLY  By ELEF Treats Resources,‚ÄòLOVIES‚Äô SPICY SQUIDY SNACK By ELEF Treats Resources (Pack of 3),BUTTERSCOTCH COOKIES By ELEF Treats Resources,GARLIC CHILLI By ELEF Treats Resources,‚ÄòVIVA‚Äô CRISPY KISS SERIES  by Vivalicious Chocolate Confectionery,‚ÄòSahalal‚Äô Dendeng Tumbuk (Pounded Premium Beef) by Saharmn Global Resources,TRADITIONAL KUIH KARAS by Zularis Enterprise,‚ÄòPELOARTE‚Äô YUMMY POPCORN  By Peloarte Enterprise,‚ÄòMamaNab‚Äô NASI ARAB (ARABIC RICE) BY ARCS Enterprise (1 set ‚Äì Rice + Spices),‚ÄòSHARIFFAH KITCHEN‚Äô SAMBAL By Shirasz Ventures,MEAT/CHICKEN FLOSS (SERUNDING KAKNGAH ‚Äì 500G) By Legasi ABR Delima Enterprise,SAMBAL JAHEK HITAM (SPICY BLACK SAUCE) By Jahek Global (Pack of 2),‚ÄòSS‚Äô PEKASAM DAGING ORI (FERMENTED BEEF WITH HERBS) By Sarudin Bin Sahak (Pack of 3),NURUL D HERBS CINNAMON (400MG) CAPSULE by Nurul D Herbs (Pack of 3),‚ÄòZD EMPIRE‚Äô SERUNDING(FLOSS) MEAT/CHICKEN/FISH by Zularis Enterprise,INANG-INANG (RICE CRACKER) By Click Net Enterprise,KACANG SIRA SAMBAL (BULUH BETUNG) by AIZAT ZULQARNAIN SHAH BIN SIUPARDY (Pack of 2),‚ÄòSNUGFOOD‚Äô HOKKIEN MEE (PENANG PRAWN NOODLE) PASTE 200G,‚ÄòSNUGFOOD‚Äô SATAY PEANUT SAUCE 200G,‚ÄòSNUGFOOD‚Äô NASI LEMAK SAMBAL PASTE 200G,‚ÄòPdsoys‚Äô SOY BEAN MILK SKIN By MSS Food & Drink Enterprise (Pack of 5),‚ÄòAFROSIAN‚Äô CHOCOLATE & DARK CHOCOLATE CHIP COOKIES By Afrosian Ventures (Both Flavours),‚ÄòAJMEDICAL‚Äô ANTIBACTERIAL HAND SANITISER WITH ALOE VERA By Primomed Resources Sdn Bhd (Pack of 5),‚ÄòWHITE POPPY‚Äô PERFECT TREATMENT SERUM LOTION By  BFC Resources Sdn Bhd,‚ÄòSENI PATISSERIE PLT‚Äô KEK LAPIS PRUNE (PRUNE LAYERED CAKE) By Seni Patisserie PLT,NURMIE‚ÄôS MALAYSIAN FOOD ‚Äì GINGER MEAT FLOSS By Kesidang Wangi Enterprise,RANIA UZLAH JUS INTAN SARI (5 IN 1 PERFECT BEAUTY AND HEALTH DRINK)  By Rania Uzlah International Sdn Bhd,‚ÄòREMPAH TOK BAH‚Äô SPICE POWDERS (BERIANI/KURMA/CURRY) by Rania Uzlah International Sdn Bhd (All 3 Flavours)","0.00,0.00,0.00,0.00,7.00,15.00,6.00,7.00,7.00,14.00,19.00,36.00,22.00,3.00,7.80,7.00,3.00,7.00,14.00,3.20,5.00,5.00,4.00,10.80,6.00,6.00,23.40,4.40,3.00,4.00,6.00,6.00,6.00,5.00,5.60,7.00,20.00,9.60,7.20,8.00,4.80"
"TOK MINOH KOPI-O ASLI (Original Black Coffee) By Empayar Nordiff Sdn Bhd (Pack of 3),AIR NIRA KELAPA  By Empayar Nordiff Sdn Bhd (Pack of 3),‚ÄòMANIS DI BIBIR DAN KATA-KATA‚Äô (MANIS LIPMATTE (KUIH SAGU) / MANIS GLITTER EYESHADOW (CIKU)/ MANIS FIBER MASCARA )By HHSKN Enterprise),NASI KABSAH REMPAH NASI ARAB (ARABIC RICE SPICE) by Nrich Solutions,‚ÄòNURIZ SHOPPE‚Äô KEK BUAH KUKUS LEGEND DATO NURIZ  FRUIT CAKE LEGEND  by Nrich Solutions,ENGLISH DARK CHOCOLATE CHIPS By Adelaide Continuum Enterprise (Pack of 2),DOUBLE SHOT CHIP COOKIES By Adelaide Continuum Enterprise (Pack of 5),‚ÄòFOOD NEMO‚Äô TASTY SERUNDING (FLOSS) By Funemo Solutions (All 4 Flavours),Premium Chocolate Chips Cookies By FAZ Cookies (All 3 Flavours ‚Äì original, chia seed, cranberry),TUMIIES NASI LEMAK (RICH COCONUT MILK RICE) By FRS Marketing Sdn Bhd,‚ÄòKEK KUKUS KAK NGAH‚Äô KEK BUAH (STEAMED FRUIT CAKE)  By TBM Enterprise,‚ÄòROX-C‚Äô ROSELLE TEA BY ARINA FOOD ENTERPRISE,HALWA ROSELLE (ROSELLE CANDY) BY ARINA FOOD ENTERPRISE (Pack of 3),‚ÄòROX-C‚Äô KORDIAL BUAH CAMPURAN ROSELLE DAN KURMA  (ROSELLE CORDIAL COCENTRATE WITH DATES) BY ARINA FOOD ENTERPRISE,‚ÄòOMIYAGE DES!!‚Äô SNACK BOX By Rexxa Trading (1 box),HAUS COSMETIC‚ÄôS  MATTE VELVET COMPACT POWDER (LIGHT 1.0/MEDIUM 2.0/MEDIUM 2.1/DARK 3.0/DARK 3.1) By Juman WorldWide Resources,‚ÄòROX-C‚Äô KORDIAL ROSELLE (ROSELLE CORDIAL COCENTRATE) By Arina Food Enterprise,‚ÄòHOUSE OF ROSELLE‚Äô ROX-C JUS ROSELLE (ROSELLE JUICE) By Arina Food Enterprise (Pack of 3),‚ÄòPRSTASI MEWAH‚Äô CHILLI PASTE By  Prestasi Mewah Caterers Sdn Bhd (Pack of 2),SAMBAL CHE MAH (SAMBAL IJO & SAMBAL PENYET),‚ÄòFZ SKINCARE‚Äô BIDARA HIJAB MINTHE BY FZ Skincare Beauty & Health,‚ÄòKU LUN  ZUBAIDAH‚Äô RENDANG DENDENG By Munch Valley Resources PLT (Pack of 2),‚ÄòEL‚ÄôEMEYRA BATIK‚Äô MALAYSIAN HAND-DRAWN BATIK FABRIC By Eley Emeyra Enterprise,CF Sambal Cili Padi (Bird‚Äôs Eye Chilli Sauce),‚ÄòPURE & RAW‚Äô GLOWING SKIN FRESH TOMATO SOAP (MATOSOAP) By Pure & Raw Skincare (Pack of 5),‚ÄòNEK DAH‚Äô RENDANG PASTE (RENDANG MINANG PASTE & RENDANG TOK PASTE) By Restoran Acik (Both Flavours),HELIZ ‚ÄòHOUSE OF COOKIES‚Äô (CHOCOLATE CHIP / HAZEL NUT / OATMEAL) By Hazs Dagangan (2 Packs x 350g)),‚ÄòPAK HAMKA‚Äô  PES PERENCAH (PASTE MIX ‚Äì 4 FLAVOURS) By Mahola Services (All 4 Flavours),‚ÄòANSURI‚Äô CAFE TAARRRIIIK (INSTANT PREMIX CAF√â) By Mygerak Global Sdn Bhd,‚ÄòHAFIYAH‚Äô INSTANT PREMIX COFFEE (SOURSOP  FLAVOUR ‚Äì 6 IN 1) By Mygerak Global Sdn Bhd,‚ÄòORIKEL‚Äô TEH TARIK (3 IN 1 PREMIUM INSTANT MILK TEA) By Mygerak Global Sdn Bhd,‚ÄòCAP BUNGA ROS‚Äô REMPAH MASAK (ROSE BRAND ROASTED COOKING SPICE MIX) By Mygerak Global Sdn Bhd (Pack of 3),‚ÄòHATTER‚ÄôS‚Äô WHITE AND MILK ALMOND CHOCOLATE By Norsham Homemade Confectionery & Western Food,‚ÄòHATTER‚ÄôS‚Äô FRESHLY HANDMADE CHOCOLATES FROM CAMERON HIGHLANDS (CHOCOLATE DURIAN/ STRAWBERRY CHOCOLATE) By Norsham Homemade Confectionery & Western Food (Both Flavours),TOUCH YOUR SOUL ‚ÄòCASSAVA CRACKERS‚Äô By TY Squad Enriched Industry (Two Flavours),MUNCHIPS SNACKS (MUNCHIPS CHEEZY SUPREME/ MUNCHIPS GARLIC CHEESE/ MUNCHIPS GREEN PEAS CHEESE/ MUNCHIPS SALTED EGG) By Munchips Trading","0.00,0.00,0.00,0.00,2.70,1.50,7.00,9.00,5.60,7.00,12.00,7.00,16.00,6.90,12.00,5.00,2.00,3.00,3.00,24.00,19.00,2.40,1.50,6.40,5.60,12.00,10.40,13.00,4.00,15.00,2.00,8.00,5.20,3.60,3.00,3.00,3.60,2.00,1.60,8.00,6.00"
"TART NENAS GOLD (THE GOLDEN PINEAPPLE TART) By Tarts Legacy Enterprise,‚ÄòLEHA MANJA‚Äô SAMBAL IKAN KENIT (SPICY DRIED ANCHOVY CONDIMENT) By Leha Manja Enterprise (Pack of 3 ‚Äì 100g x 3)),‚ÄòCAKEFAA‚Äô KEK BUAH KUKUS (STEAMED FRUITCAKE) By Cakefaa Rich Enterprise,‚Äò ACIK ‚Äò NEK DAH RENDANG PASTE (RENDANG MINANG PASTE/ RENDANG TOK PASTE) By Restoran Acik (Both Flavours),‚ÄòRUSH BABY FOOD‚Äô BONE BROTH COOKIES By Rush Baby Food Trading,‚ÄòRUSH‚Äô ORGANIC BABY NOODLE MIX VEGETABLE by Rush Baby Food Trading,‚ÄòNURELL FOODS‚Äô SALTED EGG PASTE By Inaz Venture,‚Äò KESUMA ‚Äò SHIBORI By Kesuma Enterprise,‚ÄòDENDENG STATION‚Äô DAGING DENDENG (BEEF JERKY) By Dendeng Station,‚Äò WACKY PEOPLE ‚Äò CELEBRATE YOUR WACKINESS ART SCARVES (MIMIC/ HOPE/ MADRE/ LUMINITA) By Wacky People Business,SEKOOT QHAPOOH (CIK TIE) By Vertical Vibe Resources,‚Äò LADER‚ÄôO ‚Äò GARLIC CHILLI OIL By Imtiyaz Baraqah Resources,HELIZ ‚ÄòHOUSE OF COOKIES‚Äô (PINEAPPLE TART) By Hazs Dagangan,MEDJOUL DATES PALESTINE By Auf Legacy Resources,MINYAK BIDARA & BUAH PALA ASYFA (ZIZIPHUS MAURITIANA & NUTMEG OIL) By Auf Legacy Resources,Haramain Coffee By Auf Legacy Resources,JUS SEGAR ALWAN SLURPP! (FRESH JUICE ALWAN SLURPP! ) By Auf Legacy Resources,KORDIAL BUAH-BUAHAN ALWAN SLURPP! (FRUIT CORDIALS ALWAN SLURPP!) By Auf Legacy Resources,ICHINTA SAMBAL PETAI/ SAMBAL HITAM PETAI/ ASAM PEDAS (TWISTED CLUSTER BEAN SAUCE/ TWISTED CLUSTER BEAN IN BLACK SAUCE/SPICY AND SOUR SAUCE) By Ichinta Dot Com (Pack of 3 Flavours),ICHINTA SAMBAL MERAH/ SAMBAL HIJAU/ SAMBAL HITAM (RED SAUCE/ GREEN SAUCE/ BLACK SAUCE) By Ichinta Dot Com (Pack of 3 Flavours),ICHINTA ‚ÄòTORCH FLOWER‚Äô CHILI SAUCE By Ichinta Dot Com (Pack of 2),‚ÄòICHINTA‚Äô PREMIUM PINEAPPLE TART By Ichinta Dot Com (Pack of 2),‚ÄòQVEERA‚Äô BIRDS NEST SERUM By Koperasi Usahawan Groombig Kedah Berhad,‚ÄúMAMA JIE‚ÄôS‚Äù COOKIE SELECTION By Mfaez Food Industries Sdn Bhd (Choose your Flavour),‚ÄòFRUTARA‚Äô FIG WAFER By Zafeer Group Sdn Bhd,‚ÄòFRUTARA‚Äô FIG GOAT MILK By Zafeer Group Sdn Bhd,‚ÄòFRUTARA‚Äô FIG JUICE By Zafeer Group Sdn Bhd (Pack of 2),‚ÄòFRUTARA‚Äô FIG ARABICA COFFEE By Zafeer Group Sdn Bhd,‚ÄòFRUTARA‚Äô  FIGS INSTANT DRINK By Zafeer Group Sdn Bhd,‚ÄòFRUTARA‚Äô FIG GOAT MILK COFFEE By Zafeer Group Sdn Bhd,‚Äò HAYLA ‚Äò TART NENAS (PINEAPPLE TART) By Hana Suhaila Rich Chocolate Enterprise,DARK ALMOND COOKIES By Hana Suhaila Rich Chocolate Enterprise (Pack of 2),OREO BUBBLE RICE CHOCOLATE  By Hana Suhaila Rich Chocolate Enterprise,‚ÄòQARAMELLA‚Äô SALTED CARAMEL By Brown Butter Bakes,BBB MIX ‚ÄòMOIST & LUXURIOUS‚Äô CHOCOLATE CAKE By Brown Butter Bakes,BBBMIX ‚ÄòREMARKABLY DELICIOUS‚Äô BELGIAN CHOC CHIPS COOKIES By Brown Butter Bakes","0.00,0.00,0.00,0.00,8.00,9.00,5.00,2.00,4.60,3.60,3.00,50.00,12.00,15.00,3.60,5.00,7.00,9.90,4.00,6.00,3.00,2.40,10.80,10.80,4.80,8.80,8.00,4.00,4.00,9.80,2.00,9.80,5.80,7.00,5.00,6.40,2.60,3.80,3.80,5.80"
"BBBMIX ‚ÄòHEAVENLY EXQUISITE‚Äô RED VELVET By Brown Butter Bakes,BBBMIX ‚ÄòCLASSICALLY PERFECT‚Äô BUTTER CAKE By Brown Butter Bakes,BBBMIX ‚ÄòBLISSFULLY DREAMY‚Äô BUTTER SCONES By Brown Butter Bakes,BBBMIX ‚ÄòMYSTERIOUSLY YUMMY‚Äô DARK CHOC BROWNIES By Brown Butter Bakes,KORAS RENDANG MAMAN (CHICKEN RENDANG) By Koperasi Keluarga Raja Samah Bhd (Pack of 3),BUTTER COOKIES By Darr Nasa Enterprise (Pack of 2),PANDAN GULA MELAKA (PANDAN PALM SUGAR COOKIE) By Darr Nasa Enterprise (Pack of 2),GAJUS COOKIES (CASHEW COOKIES)  By Darr Nasa Enterprise (Pack of 2 ‚Äì 250g x 2),TART LANDAK (LATTICED PINEAPPLE TART) By Darr Nasa Enterprise (Pack of 2 ‚Äì 250g x 2),BROWNIES ALMOND By Darr Nasa Enterprise (Pack of 3 ‚Äì 180g x 3),CRAZY NUTTY By Darr Nasa Enterprise (Pack of 3 ‚Äì 200g x 3),CHEESE OREO COOKIES By Darr Nasa Enterprise (Pack of 2 ‚Äì 350g x 2),PINEAPPLE TART (XL)  By Darr Nasa Enterprise,‚ÄòHAVENLY TASTE‚Äô MUSANG KING PREMIUM DURIAN COFFEE By Bizandry Brands Network (30g x 10 sachets per box),KAK BELZ‚ÄôS PASTA SAUCE By Nornabilasazaly Resources,‚ÄòTUMISAN BONDA‚Äô TRADITIONAL COOKING PASTES By Aha Kitchen (All 3 flavours),‚ÄòADUCKTIVE‚Äô SPICY SALTED EGG CORNFLAKES By Fatimah Binti Jusoh (Pack of 3),MAGIKA EMPIRE‚Äô MINYAK AURA (AURA OIL) By  Nurul Hidayu Bt Mohamad @ Rusdi,‚Äò MAGIKA ‚Äô GEL MANDIAN (SHOWER GEL) By  Nurul Hidayu Bt Mohamad @ Rusdi,‚ÄòMAGIKA EMPIRE‚Äô GARAM MANDIAN (BATH SALT) By  Nurul Hidayu Bt Mohamad @ Rusdi,‚ÄòCOOKBYBONDA‚Äô CREAMY PUMPKIN WITH SWEET CORN SAUCE By Finh Legacy Enterprise (Pack of 2),‚ÄòCOOKBYBONDA‚Äô CREAMY MUSHROOM SAUCE By Finh Legacy Enterprise (Pack of 2),‚ÄòCOOKBYBONDA‚Äô CHICKEN FEET STOCK By Finh Legacy Enterprise (Pack of 2),RIMI SALTED EGG CORN FLAKES (Pack of 3),SAMBAL TOKTOK BILIS By Bumidotcom JB (Pack of 2),‚ÄòTREESIB‚Äô TOASTED BREAD By Smile To Rich Global Resources(Pack of 3),BRILLANDO MASCARA By Sadberina Brillando Resources,BRILLANDO LIPSTIK By Sadberina Brillando Resources,BRILLANDO MASKER SCRUB By Sadberina Brillando Resources,BRILLANDO BLUSHER CUSHION By Sadberina Brillando Resources,BRILLANDO TREATMENT SERUM By Sadberina Brillando Resources,BRILLANDO ORGANIC FACIAL CLEANSER By Sadberina Brillando Resources,BRILLANDO GOJES FOUNDATION By Sadberina Brillando Resources,BRILLANDO FOUNDATION  By Sadberina Brillando Resources,‚ÄòALSIHAA‚Äô WHITE COFFEE By FNI Move Global Resources (Pack of 3 ‚Äì 120g x 3),‚ÄòFIKRYSZ‚Äô LATTE By FNI Move Global Resources (Pack of 2 -180g x 2)","0.00,0.00,0.00,0.00,5.00,5.40,5.40,7.00,18.00,11.20,10.40,11.20,11.20,10.80,13.80,12.00,7.00,19.80,2.40,6.00,12.00,3.00,7.20,13.80,7.60,7.60,6.00,6.00,4.00,3.60,10.00,10.00,7.40,11.00,14.20,10.20,10.20,20.00,3.00,8.00"
"‚ÄòMIDORY‚Äô GREEN COFFEE By FNI Move Global Resources,GULA KABUNG PENJOM (RAW UNREFINED SUGAR) By Alfi Anaqi Enterprise (Pack of 2 ‚Äì 300g x 2),‚ÄòSAMBAL HITAM PAHANG‚Äô  (TOK BEH) By Alfi Anaqi Enterprise (Pack of 2 ‚Äì 80g x 2),‚ÄòNADHO‚Äô INSTANT GOAT‚ÄôS MILK POWDER PREMIX by NN One Supplies & Services,‚ÄòNADHO‚Äô TEH TARIK KURMA (MILK TEA WITH DATES) By NN One Supplies & Services,‚ÄòBAYU KELULUT‚Äô STINGLESS BEE HONEY By Bayu Kelulut Smart Digital Farm (1 box of 30 Sachets),‚ÄòBAYU KELULUT‚Äô STINGLESS BEE HONEY By Bayu Kelulut Smart Digital Farm (Pack of 3 ‚Äì 100g x 3),‚ÄòBAYU KELULUT‚Äô STINGLESS BEE HONEY By Bayu Kelulut Smart Digital Farm,‚ÄòBAYU KELULUT‚Äô STINGLESS BEE HONEY By Bayu Kelulut Smart Digital Farm,KAK KOCIK PRODUK SALAI ‚Äì DAGING/AYAM KAMPONG (SMOKED BEEF/ORGANIC CHICKEN) By Mikaysha Enterprise (Pack of 2 ‚Äì Beef and Chicken),‚ÄòASIAN TASTE‚Äô PASTES By SD Impex Sdn Bhd (Pack of 5),‚ÄòDAER COFFEE‚Äô DURIAN MUSANG KING By Al Fawwazz Resources,‚ÄòCOCO ONYA‚Äô TWIRL ME CURL CREAM By Coco Onya Enterprise,Classic Black Agarwood Arabica Coffee with Benefits of Agarwood Leaves Extract,Classic Black Agarwood Arabica Coffee with Benefits of Agarwood Leaves Extract,CLASSIC BLACK GAHARU CINNAMON COFFEE By Agarwood Global Venture,TART NANAS HARMONI KAK MALA (PINEAPPLE TARTS) By Perniagaan Roti Kek Dan Biskut Harmoni,BANGKIT CHEESE HARMONI (CHEESY BANGKIT COOKIES) By Perniagaan Roti Kek Dan Biskut Harmoni (Pack of 2),‚ÄòDE NATTURE‚Äô CIVET COFFEE & BLACK COFFEE SELECTIONS By GO Natural Green Ventures,‚ÄòDE NATTURE‚Äô BLACK COFFEE ARABICA GAYO SELECTION  By GO Natural Green Ventures,TAZE COCONUT WATER POWDER By Mia Million Sdn Bhd,TAZE PURE TENDER COCONUT WATER WITH NATA DECOCO By Mia Million Sdn Bhd (Pack of 3),TAZE PURE TENDER COCONUT WATER By Mia Million Sdn Bhd (Pack of 3),‚ÄòKEREPEK SOLEHAH SAKANA‚Äô (GRILLED SEAWEED FISH SNACK) By Zyana Empire (Pack of 2),HILMIE‚ÄôS SERBUK REMPAH‚Äô SEASONING POWDERS (HERBY SPICY/RED HOT & SPICY/ PEPPERY BLACK/ SWEET SPICY HERBS ) By  HNS Daya Maju PLT (All 4 Flavours),HELIZ ‚ÄòHOUSE OF COOKIES‚Äô (CHOCOLATE CHIP / HAZEL NUT / OATMEAL) By Hazs Dagangan (Pack of 3),REHAN Pes Rendang Rembau [Rendang Paste] By Rehan Global Food Sdn Bhd (1 box = 6 packs),‚ÄúEVE ESSENTIAL‚Äù BIRD‚ÄôS NEST FACIAL SCRUB By Evreen Empire Resources,‚ÄúEVE ESSENTIAL‚Äù PURE BIRD‚ÄôS NEST WITH BUTTERFLY PEA By Evreen Empire Resources,‚ÄúEVE ESSENTIAL‚Äù PURE BIRD‚ÄôS NEST WITH HONEY By Evreen Empire Sdn Bhd,‚ÄúEVE ESSENTIAL‚Äù BOTANICAL DRINK WITH BIRD‚ÄôS NEST By Evreen Empire Sdn Bhd,GELATINE FREE PASTILLES CANB FOR HER By Now Foods Sdn Bhd (Pack of 2),SAMBAL PEDAS IKAN BILIS KERING/PETAI (SPICY ANCHOVY /SPICY BITTER BEAN CONDIMENTS)  By Sambal Pedas Cikja (Pack of 2),PASTILLES CANB CHEWME GUMMY By Now Foods Sdn Bhd,GELATINE FREE PASTILLES CANB FOR KIDS By Now Foods Sdn Bhd (Pack of 3),‚ÄòmySOUL‚Äô ROSE OIL BODY LOTION By Msoul Enterprise (Pack of 2 -250g x 2)","0.00,0.00,0.00,0.00,10.00,6.00,6.00,7.00,4.40,19.00,22.80,19.00,36.40,24.80,5.00,13.80,14.00,3.95,3.45,4.50,3.90,5.00,2.60,7.20,10.00,60.00,3.00,6.00,4.00,1.60,1.50,8.00,5.00,4.00,10.00,9.80,31.80,43.60,17.80,18.00,8.00,6.00,28.80,13.20"
"‚ÄòmySOUL‚Äô ANTI-BACTERIAL HAND SANITIZER By Msoul Enterprise (Pack of 3 ‚Äì 100g x 3),KAYA SLICE  By Mekarya Enterprise (Pack of 4),CHUPPY CHIPS (BANANA FLAKES),UYU (PEANUTS) By Ayusri Enterprise (1 pack of 30),COOKIMI (CHOCOLATE CHIP COOKIES) By Cookie Crumbs Enterprise (Pack of 3),Flash Card Felt ABC Uppercase,HAZLEEN MILK AND DARK CHOCOLATES (FRUITY/NUTTY FLAVOURS) By Inang Suri Global Resources (Choice of 3),PREMIX POWDER (TOMYAM/ASAM LAKSA) By Inhealth Beauty (M) Sdn Bhd (2 products),SEASONING POWDER (BBQ/ BLACK PEPPER) By Inhealth Beauty (M) Sdn Bhd (2 product),CHILI FLAKES (ANCHOVIES/ SHRIMP/CRUNCHY GARLIC) By Inhealth Beauty (M) Sdn Bhd (3 products),POPA REMPAH AYAM GORENG BAWANG (SPICED FRIED CHICKEN POWDER) By Popa Menang Trading (Pack of 2),PRIME C PLUS (Acai Berries) By Ska Sdn Bhd,ANGGUN FUSION CHEF SAMBAL DIP SAUCE by Anggun Dinamik Holdings Sdn Bhd (Pack of 2),KACANG LEMAK RANGUP (RICH CRUNCHY PEANUTS MAK WAN) by Wan Hamidah Wan Abdul Hamid (Pack of 3),TAT NANAS (PINEAPPLE TART) by Yusa Food Products Sdn Bhd (Pack of 3),CRISPY SPICY CRAB FINGERS ‚ÄúYUSA‚Äù by Yusa Food Products Sdn Bhd (Pack of 3),POPIAH SEAWEED CRISPS  by Yusa Food Products Sdn Bhd (Pack of 3),ADIBLE DELECTABLES (COOKIES) by ADIBLE SUPPLY (Choice of 3),SAMBAL GORENG SPICY & CRISPY MOMDA‚ÄôS KITCHEN (SPICY AND CRISPY CONDIMENT) by Luth Ahmed Empire (Pack of 2),SAMBAL HITAM SUPERB (BLACK SAUCE) by Luth Ahmed Empire (Pack of 2),MULTAN FACE SOAP BAR By Guzel Valley Venture,THE CRUNCH KRUPS SNEK BILIS (ANCHOVIES SNACK) By Future Yusoff Enterprise (Pack of 3),HERBAL FACE BAR By Guzel Valley Venture,NATURAL HERBAL FACE / BODY PACK ( GUZEL ) By Guzel Valley Venture,CITRUS SPICE BODY SOAP By Guzel Valley Venture,Age Defying Elixir By Guzel Valley Venture,Hip & Happening By Guzel Valley Venture,CITRUSSY HONEY (LIP BALM) By Guzel Valley Venture,THE BRAZ PROJECT ‚ÄòSAMBAL CIK ATI‚Äô ( SPICY PASTE) By The B Raz Project Trading (Pack of 2),THE BRAZ PROJECT (CAKES) By The B Raz Project Trading,THE B-RAZ PROJECT (COOKIES) By The B Raz Project Trading (Choice of 2),TARQEEZ ‚ÄòASAMBOI PADU‚Äô  By Nisa Ikramirfan Enterprise (All 3 Flavours 150g x3),MRS BAKERS COOKIES & BISCUITS By Noorlie Enterprise (Set of 2),RICH BESTCUITS By Roszarich Enterprise (2 Flavours ‚Äì Choice of 2),COCO CHOCOLATE X‚ÄôTEND By Alibaba Merchant,CRISPY BANDUNG BANANA DELIGHT","0.00,0.00,0.00,0.00,12.00,5.60,8.00,6.00,11.40,12.00,2.40,3.60,3.40,7.00,6.40,30.00,5.20,9.00,4.80,3.60,3.60,12.00,6.00,6.00,1.50,6.00,1.50,6.00,2.00,9.00,5.00,2.00,4.80,11.00,10.00,9.00,15.20,10.00,48.00,4.00,3.80"
"ROSE FACE & BODY SCRUB ‚Äò NOBLE & NEESA ‚Äò by Myanur Empire,AVOCADO & TEA TREE TWIST UP CLEANSING STICK  by Myanur Empire,MAAJUN BONDA ‚ÄòKacip Fatimah by Nas Group Enterprise,Oleh Elona Handmade Gelenggang (Candlebush) Balm 30g,PAH PIN‚ÄôS POT MUSHROOM RENDANG (READY-TO-EAT) By Hamdans Family Enterprise (Pack of 3),FG WALET PREMIUM BIRD‚ÄôS NEST WITH ROCK SUGAR By NNA Legacy Enterprise,FG WALET PREMIUM CONCENTRATED BIRD‚ÄôS NEST WITH ROCK SUGAR By NNA Legacy Enterprise,FG WALET COLLAGEN BIRD‚ÄôS NEST DRINK By NNA Legacy Enterprise (Choice of 2),SPICY CHILLI SAUCE ‚ÄòMAKANLAGI‚Äô By Duoreqa 9 Enterprise,SAMBAL PASTE NEK TON AND SAMBAL HIJAU ‚Äò CEMANO ‚Äò By Cemano Empire (Choice of 3),‚ÄòCRUNCHY‚Äô BAKEDFLAKES By SHS Ventures (Pack of 2),PARETO CHILLI SAUCE By Pareto Manufacturing Provider (Choice of 2),NINI CHOCO CHIPS By Nini Chocolate Chip 800g,KRANCIT FLAKE IT SNACKS By Anra Pleasure Venture,HAUS COSMETIC‚ÄôS SKIN BLOOD ORANGE BRIGHTENING WATER SERUM By Juman WorldWide Resources,HAUS COSMETIC‚ÄôS SKIN BLOOD ORANGE BRIGHTENING CREAM MOISTURIZER By Juman WorldWide Resources,HAUS COSMETIC‚ÄôS SKIN BLOOD ORANGE BRIGHTENING GEL MOISTURIZER By Juman WorldWide Resources,HAUS COSMETIC‚ÄôS  SKIN BLOOD ORANGE BRIGHTENING SCRUB CLEANSER By Juman WorldWide Resources,HAUS COSMETIC‚ÄôS  SILKY INTENSE OIL SERUM (CALENDULA/ LAVENDER) By Juman WorldWide Resources,HAUS COSMETIC‚ÄôS  MATTE VELVET COMPACT POWDER (LIGHT 1.0/MEDIUM 2.0/MEDIUM 2.1/DARK 3.0/DARK 3.1) By Juman WorldWide Resources,HAUS COSMETIC‚ÄôS  MATTE CREAMY LIPS  By Juman WorldWide Resources (Choice of 3),HAUS COSMETIC‚ÄôS LUMINOUS LUSH SEMI-MATTE LIPCREAM By Juman WorldWide Resources (Choice of 3),BRAHIM‚ÄôS ‚ÄòREADY TO EAT‚Äô GRAVY DELICACIES  by RS Tijara Resources (Choice Of 3 ‚Äì Each pack is 180g),EXQUISITELY BLENDED ESSENTIAL OILS (ENERGIZE/ SNOOZEE / REMEDY) by Dahlia Oils,EZEEFOOD ‚ÄòREADY TO EAT‚Äô GRAVY DELICACIES (CHICKEN RENDANG/ BUTTER CHICKEN MASALA) by RS Tijara Resources ( Choice of 2 ‚Äì Each pack 180g),EZEEFOOD ‚ÄòREADY TO EAT‚Äô RICE BASED DELICACIES (BUKHARA CHICKEN BRIYANI/CHICKEN MANDI RICE/ VEGETABLE BRIYANI) by RS Tijara Resources ( Choice of 3 ‚Äì Each pack up to 350g),Telekung Delayla by Telekung De Humaira,SPICY SERONDENG IKAN BILIS (DRIED ANCHOVY FLOSS) by MyRuzzkies (deCikTijah) ‚Äì Pack of 3 (100g Each Pack),CRISPY HEALTHY FRUIT SNACKS by Osuda (3 Packs of 20g),LUXURIOUS HEALTHY SPREAD by Osuda (2 Bottle of 200g),01-4003 ‚ÄòCOOL BREEZE‚Äô (SLEEVES PAIR ‚Äì Grey Sleeve) by Nusar Sports Sdn Bhd ‚Äì Muslim ActiveWear,ALL NATURAL LUXE BEAUTY OIL ( LIBRA / LINDO) by Latie Inspiring Enterprise (Orgga),SKIN COCONUT MOISTURIZER WITH TEA TREE OIL by TROPIKA OEM SDN BHD,‚ÄòBioestica‚Äô ORGANIC HAND SANITIZER by Budi Tujuh Marketing,KEREPEK SELECTION (MALAYSIAN CRACKER CHIPS SELECTION) by SallySally Enterprise,NANO SWEETENER MADE FROM 100% BLACK SUGARCANE EXTRACT by Hijrah (3 Packs of 45g)","0.00,0.00,0.00,0.00,9.20,11.80,6.00,7.00,15.00,42.00,84.00,6.80,12.00,6.00,9.00,25.00,5.00,7.20,18.80,21.80,19.80,19.80,17.00,13.80,19.00,24.00,30.00,9.00,28.50,6.00,15.00,44.00,9.00,3.00,12.00,15.60,21.50,9.99,3.20,5.30,12.00,15.90"
"HAZEL CHOCO FLO ‚ÄòEIDAY‚Äô Cookies by Eiday Resources (320g x 2),SALIS POP RICE by Binarich Enterprise (3-pack),HOMEMADE RICH COOKIES He Bakes She Cooks by HBSC Kitchen (2 Packs of 200g),ABSOLUTELY FLAWLESS FOUNDATION by Ayshaa,NATURAL GLOWING BLUSHER by Ayshaa,FLASH FELT CARDS by My Baby Can Read,DUAL-SIDED FACE ROLLER (ROSE QUARTZ /JADE) by Latie Inspiring Enterprise (Orgga),BEGINNERS TRIAL SET by Latie Inspiring Enterprise (Orgga),VIRGIN COCONUT MOISTURISER FOR DRY SKIN by Bioestica,SUJI COOKIES ‚ÄòBAKERIL‚Äô by Bakeril Ventures 600g,KEMBARA READY-TO-EAT MEAL (SELF HEATING) by Hannan Q Enterprise (Pack of 2),DELICIOUS KIMCHI by Dapur Ahjumma (3 Pack of 250G),HYDRATING FACE MIST LENOROLI by Latie Inspiring Enterprise (Orgga) (Specially Tailored For All Skin Type),‚ÄòBACCA BLISS‚Äô DAILY CLEANSING POWDER by Latie Inspiring Enterprise (Orgga) (Specially Made For: Oily Skin, Leathery Skin And Normal Skin),POPPED RICE CHOCOJAR by The Bakeman (3 Mixed Flavour of 230G),‚ÄòFRENCH ROSE‚Äô DAILY CLEANSING POWDER by Latie Inspiring Enterprise (Orgga) (Specially Made For : Dry Skin, Mature Skin And Normal Skin),NOT EDIBLE: HOE BIO BBT REFRESHMENT CHIPS by Letter Kiosk,READY-TO-EAT( RAZARINA ) MALAYSIAN DELICACIES by Razarina Enterprise (Choice of 3),CHOCOLATE DELIGHT by HKAR Enterprise (16 piece chocolate gift box),HANDMADE PREMIUM WOODEN COVER QURAN ‚ÄòVOLTA CREATIVE‚Äô By Volta Enterprise,AKUSUKAKOPI AROMATIC ROAST COFFEE GALORE by AkuSukaKopi Enterprise,MALAYSIAN PES RENDANG (Rendang Paste) by Sedap Online Enterprise (Pack of 2),DETOX TEA BY MAMA JAMU (ALL NATURAL) by Erin Sweeter Enterprise (Pack of 2),HOMEMADE CRUNCHY GARLIC & SAMBAL PUCUK UBI ( UMMI ) by Qaseh Maya Legacy,NASWA COLLECTION by Naswa,LOVE LETTERS BY Smackey Enterprise (2 Jars of 250G),ZATY‚Äôs HOMEMADE TRADITIONAL SAMBAL RANGE by Zati D Hati,ALMOND BARS BRITTLE ‚ÄòKEMAH RESEPI‚Äô BY Kemah Resepi Enterprise (2 Packs x 325g),CHOCO-LICIOUS MID‚ÄôS CHOCO JAR by HKAR Enterprise,SWEET CRUNCHY POPCORN (POPLICIOUS) by Pop Licious Empire  (Pack of 3),OCAH TRADITIONAL MALAYSIAN  KERUTUK PASTE ‚Äì by Ocah Foods,HAMADACHIP CHOCOLATE CHIP COOKIES By Hamada Legacy,RENDANG MAMAN PAKLONG By FZI Megah Resources (3 Pack of 200G),SERUNDING HALIA IKAN BILIS (PEPPERY GINGER AND ANCHOVY FLOSS) by Enamour Resources (Pack of 3),SATIN MATTE SHAWL By Anra Pleasure Venture,‚ÄùSAMBAL BILIS CRISPY‚Äù CRISPY SAMBAL ANCHOVIES by Adik Manja","0.00,0.00,0.00,0.00,12.00,30.00,11.20,18.00,12.00,9.18,12.00,21.50,27.00,25.00,12.00,7.00,8.80,6.00,13.00,15.00,2.50,15.00,31.00,5.40,4.40,8.40,44.00,68.00,20.00,4.80,6.00,3.00,10.00,36.00,60.00,8.00,6.00,9.60,12.00,1.80,2.80,12.00,6.00,2.00,9.00,12.00,17.80,3.00"
"ACAR BUAH MERECIK (FRUIT PICKLE) By Adik Manja Network,UNIQUE AND NATURAL EG COSMETIC LIPSTIKU MADU KELULUT (LIP BALM FOR DRY LIPS) by Keluarga Umat Enterprise,SIDR SCRUB LEMON ORGANIC SCRUB DIVINE by Linard Suria Trading,DRIED MALAYSIAN ‚ÄòPANGKOR ANCHOVIES‚Äô BY Pangkor Anchovies Enterprise,CRISPY BITTER GOURD (SMACKEYLICIOUS) BY Smackey Enterprise (2 Jars of 250 Grams),DENDENG MARKET by Emylia Dendeng Market,NUT COOKIES SAKURA by Nana Sakura Enterprise,MOUTH WATERING BELGIAN DOUBLE DARK CHOCOLATE CHIP COOKIES (MORSEL COOKIES) by Hym & Chocolate Onctueux Resources,RICHCO PREMIUM FLAVOURED ICED TEA BY Classico Beverages Sdn Bhd,CRUNCHY NOLA by CrunchyNola Food,CANDLE PIT STOP by Dluwih Enterprise,[READY STOCK] [NO.1 MALAYSIA HALAL CAT FOOD] [1KG] ECOVET‚ÄôS ROYAL FELINN by Meor Legacy,PATRAS HEALTHY AND CRISPY JEJARI CENDAWAN (MUSHROOM FINGERS) by Nasir Patras Enterprise,PATRAS CRISPY POPIAH SIMPULAN KASIH (POPIAH LOVE KNOTS) by Nasir Patras (Pack of 2),TREELOVA‚ÄôS HANDMADE AROMA THERAPY CANDLE (RELAXING) By Cute Circle Enterprise,PATRAS DELIGHTFUL & CRUNCHY MURUKU KACANG PEAS (GREEN PEAS MURUKU) by Nasir Patras Enterprise (Pack of 2),TREELOVA‚ÄôS FOOT SOAK (THERAPEUTIC AND TRADITIONAL) By Cute Circle Enterprise,TREELOVA‚ÄôS HANDMADE LIP BALM (SOFTENING) By Cute Circle Enterprise,TREELOVA‚ÄôS NATURAL HANDMADE BODY SCRUB (BROWN SUGAR AND COFFEE) by Cute Circle Enterprise,TREELOVA‚ÄôS HANDMADE SOAP (PURE & NATURAL) by Cute Circle Enterprise,NATURA PLUS Health Supplements by Prestige Living,SHARIFAH‚ÄôS ‚ÄòREADY TO EAT‚Äô MALAYSIAN DELICACIES RANGE by RHB Jaya Enterprise,LACTOMOMMA Lactation Cookies ‚Äì by LNH Global (Pack of 2),CANDYWAX PROFESSIONAL HAIR REMOVAL WAX by HK World Resources,KUNYIT ASEM (Turmeric Drink) by Eara Azeara Enterprise,LASHESYBYBEE.CO ‚ÄòREVEAL YOURSELF MASCARA‚Äô (Wudhu-friendly) by Hanis Hisham Enterprise,SPICY & ORIGINAL CORN BITES by Shekaya Enterprise (Sold as Mixed Set of 2),NOURISHING FACE MIST ROSE OTTO By Latie Inspiring Enterprise (Orgga),3 IBU ‚Äì Little Squares of Heaven,AGOLA EDUCATIONAL TOYS ‚Äì Learning Pack,MAK SENAH‚ÄôS GREEN SAMBAL (Bird‚Äôs Eye Chilli Relish) By ANA MZ (Sold As Set of 2 Bottles),SUPERLIGHT MINERAL FOUNDATION BY ABSOLUTE (contains 100% Organic Rose Hip Oil),FACE SERUM BY ABSOLUTE (contains 100% Pure Organic Rose Hip Oil),Atmospheric & Tranquil BOKHOOR INCENSE BY AL-IMAN AGARWOOD ‚Äì 50gms,ALAM NATURA ‚Äì The Incredible Malaysian Health Drink By Omilia Asia,NATURAL BODY LOTION CHAMOMILE","0.00,0.00,0.00,0.00,3.60,10.00,11.00,14.00,8.00,7.80,15.00,6.00,3.20,4.00,6.00,15.00,5.28,4.80,4.80,12.00,4.80,12.00,4.00,9.00,7.00,40.00,4.30,19.90,18.00,2.40,5.00,9.00,6.00,13.00,30.00,5.00,7.80,10.00,17.00,17.00,44.00,16.00,10.50"
"BABY HAIR AND BODY OIL SWEET (100ml),BABY HAIR AND BODY OIL LAVENDER (230ml),BABY HERBAL CREAM ‚Äì Virgin Coconut Oil Base,Baby Hair and Body Oil Lavender (100ml),HALAL EIGHT SEVEN BIRD‚ÄôS NEST With White Fungus & Rock Sugar ( 70gm x 4‚Äôs ),HALAL EIGHT SEVEN BIRD‚ÄôS NEST With Ginseng ( 70gm x 4‚Äôs ),VAPOROLL by TROPICA TMED SDN BHD,BEAUTIFUL WUDHU COMPLIANCE HAIR COLOUR by Gumash,GUMASH WUDHU COMPLIANCE HAIR COLOUR ‚Äì RED,GUMASH WUDHU COMPLIANCE HAIR COLOUR  ‚Äì DARK BROWN,GUMASH WUDHU COMPLIANCE HAIR DYE ‚Äì BURGUNDY,GUMASH WUDHU COMPLIANCE HAIR COLOUR ‚Äì CHESTNUT,CHILDREN BOOKS MUSLIM SERIES by Ummi Publication,Ummi Publications Children‚Äôs Series  ‚ÄúMaisya And Her Grandparents‚Äù (Suitable For Ages 4-8),Ummi Publications Children‚Äôs Series  ‚ÄúSigns Of Allah‚Äôs Might‚Äù Series (Suitable For Ages 3-6),Ummi Publications Children‚Äôs Series  ‚ÄúLet‚Äôs Investigate The Earth and The Universe‚Äù Series (Suitable For Ages 4-8),Ummi Publications Children‚Äôs Series  ‚ÄúHow About You‚Äù Series (Suitable For Ages 4-8),TASTY MALAYSIAN MADE COOKIES By Matahari Resources,SWEET & CRISPY ‚ÄòKUIH KAPIT‚Äô By CHEEZALEA,LUXE BEAUTY OIL ‚ÄòOLIVA‚Äô by Latie Inspiring Enterprise (Orgga),MAMYNONI ‚ÄòCrispy Onions‚Äô BAWANG GORENG RANGGUP By Sheikh SZM Enterprise,ESSENTIAL OILS  ‚Äì ANTI-STRESS / RELAXANT / BUGS NO MORE By Dahlia Oils (SET OF 3),MERINGUE LA MAISON  ‚Äì Delicious Meringue-Cookie Selection By Raihoney Raihan Enterprise,HOMEMADE MIX SCRUB by Cantik Kiastina Enterprise,‚ÄòHAUS‚Äô SKIN CARE ‚Äì FOUNDATION by Juman WorldWide Resources,100% NATURAL ‚ÄúNATURA BOOST & RECHARGE‚Äù ‚Äì 12 Sachets of the Perfect Blend of Tropical Fruits, Herbs and Amino Acids,MALAYSIAN CRISP FISH SKIN WITH SALTED EGG BY RMF NETWORK (Sold in Packets of 3),JAW KISSER CHUNKY HALAL NUT BUTTER (PEANUT & CASHEW NUT ‚Äì Choice of 2 bottles),NATURALLY SCENTED HEDO AIR FRESHENER by Blanco Global (Choice of 3),SPICY SAMBAL PECAL by Muspau,DELICIOUS EZEE CHICKEN BRIYANI Ready-to-Eat Malaysian Halal Favourite (SET OF 3 PACKS),Oleh Elona Skin Rescue Cream 100g,CRUNCHY MALAYSIAN FISH CRACKERS (Keropok) By ANUARISME RESOURCES,‚ÄúMy Butterfly‚Äù Exclusive Scarf by Papier Mache,‚Äúm‚ÄôLady‚Äù Exclusive Scarves by Papier Mache,‚ÄúBangsawan‚Äù Exclusive Scarf by Papier Mache","0.00,0.00,0.00,0.00,13.50,25.00,8.50,9.00,5.00,5.00,7.00,22.70,23.25,22.65,23.25,22.65,23.25,22.65,23.25,22.65,5.00,20.00,5.00,20.00,12.00,10.00,3.40,4.20,6.00,21.50,9.00,15.00,4.00,7.98,14.00,38.50,10.00,11.40,4.80,21.00,19.90,6.00,50.00,50.00,100.00"
"Hanna Veil‚Äôs Elegant Prayer Gown (Telekung) By HANNA VEIL EXCLUSIVE,Hanna Veil‚Äôs Elegant ‚ÄúQuwa Maryam‚Äù Telekung,Hanna Veil‚Äôs Elegant ‚ÄúQuwa Fateema‚Äù Telekung,‚ÄúLove letter for Borneo‚Äù Exclusive Scarves by Papier Mache,Lactomomma Milk Boosting Cookies ( Classic Chocolate Chip),Tropika Mums Coconut Massage Cream (Set of 3) 100gms each Tube,Cik Tyjah‚Äôs Delicious Serondeng Ikan Bilis (SET OF 5 PACKS),Cassava Leaves Sambal ‚Äì Sambal Pucuk Ubi (SET of 2),Ummi Publications Children‚Äôs Series  ‚ÄúLook Mummy, Look Daddy‚Äù Series (Suitable For Ages 4-8),‚ÄòMatcha White Chocolate‚Äô  and ‚ÄòDark Chocolate‚Äô Premium Peanut Butter Spread (2 bottle Set),Telekung De Humaira Rossa in Blue,SCRUMPTIOUS GARLIC BITES by Aryabyredbee (Set of 3),‚ÄòCik Bani‚Äôs‚Äô ORIGINAL RENDANG PASTE by Syaharul Online Shop,Hanna Veil‚Äôs Elegant ‚ÄúQuwa Khadeja‚Äù Telekung,Dapur Ahjumma: White Radish Kimchi (Pack of 3),Delicious Hijrah 8-in-1 Banana-Cocoa Drink (2 boxes per set),Flash Felt Card ‚Äì Hijaiyah Version ‚ÄúMy Baby Can Read‚Äù,CRUNCHY MURUKKU by Bakeman (2 Jars of 420g),The Bakeman Mixed Crunchy Rice ‚Äì Coco Jar (Set of Mixed 3 Jars),Zaisara Cranberry Oat (2 Packs x 80g each),Zaisara Premium Malaysian Homemade Cookies (Set of 3 Flavours) ‚Äì Cranberry Oat ‚Äì Oat Chocolate Chip ‚Äì Cinnamon Nutmeg,‚ÄòSNUGFOOD‚Äô SPECIAL COMBO 4 in 1 (200G) PACK,Famous Crispy ‚ÄúWonder Cheese Snack‚Äù (Pack of 4),AMOUR ( Eau de Parfum) by Ayshaa,Salted Fish Sambal Cik Midah,Absolutely Flawless Foundation By Ayshaa,OTTOMO‚ÄôS BOTANICAL DATES BEVERAGE WITH BIRD‚ÄôS NEST by Cahaya Gemilang Service & Marketing","0.00,0.00,0.00,0.00,60.00,60.00,60.00,50.00,9.00,12.60,27.50,9.00,10.00,12.00,44.00,12.00,6.00,60.00,6.00,5.98,12.00,16.00,7.50,5.00,6.50,20.00,27.00,20.00,25.30,18.00,4.00,2.80"
